,Identifier.label,Identifier.RegionClass,Size.Area,Size.ConvexHullArea,Shape.Eccentricity,Shape.EquivalentDiameter,Shape.EulerNumber,Shape.Extent,Shape.MaxFeretDiameter,Size.FilledArea,Size.MajorAxisLength,Size.MinorAxisLength,Size.Perimeter,Shape.Solidity,Shape.FractalDimension,Shape.MinorMajorAxisRatio,Shape.Circularity,NuclearComposition.NormalizedPixelCount.CancerEpithelium,NuclearComposition.NormalizedPixelCount.NormalEpithelium,NuclearComposition.NormalizedPixelCount.StromalCellNOS,NuclearComposition.NormalizedPixelCount.TILsCell,NuclearComposition.NormalizedPixelCount.ActiveTILsCell,NuclearComposition.NormalizedPixelCount.UnknownOrAmbiguousCell,NuclearComposition.NormalizedPixelCount.BACKGROUND,Neighborhood.PixelCount.Surround-ALL.Distance-64,Neighborhood.Regions.NormalizedPixelCount.Surround-TUMOR.Distance-64,Neighborhood.Regions.NormalizedPixelCount.Surround-STROMA.Distance-64,Neighborhood.Regions.NormalizedPixelCount.Surround-TILS.Distance-64,Neighborhood.Regions.NormalizedPixelCount.Surround-JUNK.Distance-64,Neighborhood.Regions.NormalizedPixelCount.Surround-WHITE.Distance-64,Neighborhood.Nuclei.NormalizedPixelCount.Surround-CancerEpithelium.Distance-64,Neighborhood.Nuclei.NormalizedPixelCount.Surround-NormalEpithelium.Distance-64,Neighborhood.Nuclei.NormalizedPixelCount.Surround-StromalCellNOS.Distance-64,Neighborhood.Nuclei.NormalizedPixelCount.Surround-TILsCell.Distance-64,Neighborhood.Nuclei.NormalizedPixelCount.Surround-ActiveTILsCell.Distance-64,Neighborhood.Nuclei.NormalizedPixelCount.Surround-UnknownOrAmbiguousCell.Distance-64,Neighborhood.Nuclei.NormalizedPixelCount.Surround-BACKGROUND.Distance-64,Neighborhood.PixelCount.Surround-ALL.Distance-128,Neighborhood.Regions.NormalizedPixelCount.Surround-TUMOR.Distance-128,Neighborhood.Regions.NormalizedPixelCount.Surround-STROMA.Distance-128,Neighborhood.Regions.NormalizedPixelCount.Surround-TILS.Distance-128,Neighborhood.Regions.NormalizedPixelCount.Surround-JUNK.Distance-128,Neighborhood.Regions.NormalizedPixelCount.Surround-WHITE.Distance-128,Neighborhood.Nuclei.NormalizedPixelCount.Surround-CancerEpithelium.Distance-128,Neighborhood.Nuclei.NormalizedPixelCount.Surround-NormalEpithelium.Distance-128,Neighborhood.Nuclei.NormalizedPixelCount.Surround-StromalCellNOS.Distance-128,Neighborhood.Nuclei.NormalizedPixelCount.Surround-TILsCell.Distance-128,Neighborhood.Nuclei.NormalizedPixelCount.Surround-ActiveTILsCell.Distance-128,Neighborhood.Nuclei.NormalizedPixelCount.Surround-UnknownOrAmbiguousCell.Distance-128,Neighborhood.Nuclei.NormalizedPixelCount.Surround-BACKGROUND.Distance-128
TUMOR.77,77,TUMOR,169046,404659,0.9650479557752708,463.935396450088,-18,0.2066718503956261,1106.9760611684428,170373,1331.0353330207556,348.82889446714626,15393.53321884971,0.4177492654308937,1.4229428644904265,0.26207335433799994,0.008964749040880985,0.1864397715996934,0.007231091912704025,0.00975632943357437,0.004218632093689283,0.00016636858961028157,0.005781308488957285,0.7864064978817713,284993.0,0.09727958230553031,0.10982024119890664,0.011779236683006249,0.019147838718845726,0.5482766243381416,0.03979746870975778,0.0022983020635594558,0.009652868666949714,0.0027474359019344333,6.666830413378575e-05,0.0030106002603572718,0.7513131901485299,518291.0,0.12873655919165103,0.09313686712676855,0.012547005446747098,0.02079333810542726,0.4882739619248646,0.04930627774744304,0.0024484314796128044,0.008570474887659635,0.0025391141270058714,4.051777862243412e-05,0.0031700338226980595,0.6941274303431856
TUMOR.89,89,TUMOR,9791,14650,0.9760835849118846,111.65253415172438,0,0.4279283216783217,260.37665025881256,9791,269.1480350597293,58.51159136898189,1031.0264786586924,0.6683276450511946,1.238539078679482,0.21739557324279557,0.11574367744034306,0.1798317603610997,0.0,0.010155929421419779,0.000718096019696348,0.0,0.00030775543701272055,0.8089864587607715,52407.0,0.03946037743049593,0.3411757971263381,0.00041979124926059495,0.006315950159329861,0.2526761692140363,0.014749937985383632,9.540710210468067e-05,0.017478581105577498,0.00036254698799778655,0.0,0.000706012555574637,0.6272444520770126,128316.0,0.058504005735839644,0.2192166214657564,0.00038186975903238877,0.005330590105676611,0.3046541351039621,0.01882851709841329,7.013934349574488e-05,0.014020075438760559,0.00017145172854515415,0.0,0.0005377349668007108,0.5643957105894822
TUMOR.94,94,TUMOR,37763,82546,0.6895374091452979,219.27458796639877,-2,0.3423911072425924,404.8357691706601,38608,369.12046702455496,267.3355234424113,4445.065330094954,0.4574782545489787,1.4142341579562403,0.7242500682700624,0.024017071780375543,0.1579493455358093,0.0025007981270618283,0.007050122379482814,0.0018090880068106843,0.0,0.0058263275513461745,0.8248643183994891,116450.0,0.06260197509660799,0.279776728209532,0.0038643194504079004,0.01132674967797338,0.4338943752683555,0.017870330613997423,0.00015457277801631601,0.01696006869901245,0.0005753542292829541,0.0,0.0038814942035208244,0.7645942464577071,230509.0,0.057533545327948146,0.2611351400596072,0.0032883748573808397,0.008980126589417332,0.38691330924172157,0.016537315245825544,0.00035139625784676523,0.01337041069979914,0.0004685283437956869,0.0,0.0025248471860100908,0.6931486406170692
TUMOR.106,106,TUMOR,117943,242161,0.9783258930944491,387.5173436437385,-13,0.40712256514520245,1076.8755731281121,123105,1163.4226503887367,240.91122608850316,11024.178566873408,0.48704374362510894,1.4474620918186927,0.2070711155640704,0.012195217657213464,0.1575507836161518,0.0007678329195567044,0.007072594336805645,0.0009725883647718256,0.00011090919949152397,0.009998890908005084,0.8235264006552174,232279.0,0.015184325746193156,0.1734250621020411,0.0054632575480349065,0.013113540182280791,0.4829493841457902,0.004042552275496278,7.749301486574335e-05,0.009333603123829533,0.00045634775420937753,0.0,0.0030050069097938255,0.6874103987015615,432773.0,0.020329364354985176,0.12006063224831494,0.0035029911755123356,0.00878058474073013,0.3921940601654909,0.006201865643189385,4.159224350872166e-05,0.006386720058783704,0.00035122338962920516,0.0,0.0020357092517324323,0.5381088931148662
TUMOR.114,114,TUMOR,7198,13694,0.8647548806411597,95.73284829672467,1,0.30302264881704133,215.95601403989656,7198,186.798138959659,93.80893858888066,798.4579361637687,0.5256316635022638,1.1056740200927913,0.502194181972764,0.1418788379061411,0.15834144983998888,0.0005565604563795742,0.015444552664533186,0.0,0.0,0.0,0.8256574370390983,48776.0,0.07993685419058554,0.332827620141053,0.0007790716745940627,0.00715515827456126,0.399540757749713,0.028231097260948006,0.0,0.026262916188289322,0.0004100377234705593,0.0,0.0004100377234705593,0.7787436444152862,120748.0,0.059230794712955906,0.2260989830059297,0.0003561135588167092,0.003991784543015205,0.43023486931460564,0.01944545665352635,0.0,0.015693841719945673,0.000298141584125617,0.0,0.00037267698015702126,0.690818895551065
TUMOR.127,127,TUMOR,5117,8673,0.9381436954238117,80.71658287124045,1,0.380050505050505,153.63918770938616,5117,168.84325841431314,58.461330702147954,754.8010819142763,0.5899919289749799,1.2725825036561018,0.34624616494129495,0.11286525132543815,0.13043478260869565,0.0,0.053270661966314144,0.0039169604386995694,0.0,0.004896200548374461,0.8074813944379162,40209.0,0.0693377104628317,0.1706334402745654,0.0018652540476012834,0.0010942823745927529,0.5230669750553358,0.024422392996592802,0.0,0.02581511601880176,0.0013927230222089582,0.0,0.0018652540476012834,0.7303340048247905,103767.0,0.048647450538225064,0.10921583933235036,0.00254416143860765,0.002948914394749776,0.45644569082656333,0.015901008991297812,6.745882602368769e-05,0.01536133838310831,0.000886601713454181,0.0,0.001281717694450066,0.59948731292222
TUMOR.139,139,TUMOR,9329,21389,0.9585724414653659,108.98647490782668,-3,0.28889508237334327,299.0819285747636,9329,300.56166157770866,85.6146474091904,1378.5483399593904,0.4361587732011782,1.2907305975332377,0.2848488624922483,0.061688038033055434,0.11496350364963503,0.004508372692142551,0.01051953628166595,0.0,0.0,0.000536711034778875,0.8694718763417776,63083.0,0.07631216016993485,0.22573434998335526,0.0012681705055244677,0.009114975508457112,0.5127054832522233,0.022303948765911578,0.0002694862324239494,0.0132840860453688,0.00025363410110489353,0.0,0.0005706767274860104,0.7921944105384969,146778.0,0.05404760931474744,0.17818746678657565,0.0008448132553924975,0.005831936666257886,0.44802354576298903,0.016242216135933178,0.00023845535434465656,0.009504149123165597,0.00017713826322745917,0.0,0.0004905367289375792,0.6664077722819496
TUMOR.194,194,TUMOR,4519,7589,0.7095734694884577,75.85360573274154,-1,0.4956130730423338,121.26417442921878,4519,112.59118686216704,79.33529214025359,755.3452377915607,0.5954671234681777,1.3612585809910724,0.704631457854468,0.09953165245470487,0.13847521671482552,0.009113136252500556,0.01755945765725717,0.0004445432318292954,0.0,0.0008890864636585908,0.8335185596799288,36261.0,0.05769283803535479,0.27809492291994153,0.0019856043683296105,0.013182206778632691,0.6406607650092386,0.015884834946636884,0.0010755356995118723,0.01715341551529191,0.0,0.0,0.0011858470533079616,0.9627699180938198,96031.0,0.04440232841478273,0.17276712728181526,0.0017910882944049318,0.006695754495944018,0.4557903177099062,0.01095479584717435,0.0009163707552769418,0.010298757692828358,8.33064322979038e-05,0.0,0.0007081046745321824,0.6643063177515593
TUMOR.207,207,TUMOR,4579,8191,0.8451024377986772,76.3555097903374,1,0.3690361057382334,157.0,4579,137.34194751014718,73.42361010211471,718.3452377915606,0.559028201684776,1.2586370695113978,0.5346044047954831,0.11151006618155446,0.13913234005258546,0.001971954425942156,0.01971954425942156,0.0013146362839614374,0.0,0.0024101665205959683,0.8354513584574934,39108.0,0.08752684872660325,0.3930653574716171,0.0020200470491970953,0.01316866114350005,0.4875984453308786,0.023294466605298148,0.001176229927380587,0.02053288329753503,0.000894957553441751,0.0,0.002045617265009717,0.9520558453513348,101176.0,0.0804044437415988,0.3138194828813157,0.0013441922985688306,0.00866806357238871,0.4424962441685775,0.02271289633905274,0.0005337234126670357,0.013293666482169685,0.0004941883450620701,0.0,0.001502332568988693,0.816369494741836
TUMOR.335,335,TUMOR,5188,8784,0.8594072476429564,81.2746378526907,-1,0.4405570652173913,143.7358688706476,5188,145.2773980050726,74.27912498602596,858.0437226013956,0.5906193078324226,1.39037563448844,0.5112916806469261,0.08855049528756262,0.17865429234338748,0.005993812838360402,0.017981438515081206,0.0036736272235112144,0.0,0.0,0.7936968290796597,39081.0,0.13500166321230264,0.14014482740973874,0.004426703513216141,0.00903252219748727,0.6862413960748189,0.04649318082955912,0.00017911517105498835,0.015148025894936159,0.0018167395921291677,0.0,0.0021749699342391445,0.9299659681174995,101493.0,0.12185076803326338,0.11766328712324987,0.0049363010256865,0.007458642467953455,0.583173223769127,0.039421437931680015,6.897027381198704e-05,0.013843319243691683,0.000985289625885529,0.0,0.0033401318317519435,0.7938675573684885
TUMOR.393,393,TUMOR,4599,7897,0.9445350847613638,76.52207959953135,1,0.3711864406779661,179.52437160452615,4599,176.4701644994168,57.954659564627356,703.0609665440987,0.5823730530581234,1.1911873447898298,0.32841052610238197,0.11691959433096158,0.14396456256921372,0.0,0.020155038759689922,0.00132890365448505,0.0,0.0050941306755260245,0.8294573643410853,40616.0,0.0333119952727989,0.18372070120149694,0.0034715383100256056,0.002856017333070711,0.32034173724640536,0.012532007090801654,0.00012310419539097892,0.017382312389206223,0.0005909001378766989,0.0,0.00022158755170376205,0.5195735670671656,104660.0,0.02274985667876935,0.08908847697305561,0.0020733804700936364,0.003277278807567361,0.2727020829352188,0.007949550926810624,4.777374355054462e-05,0.009602522453659468,0.0003248614561437034,0.0,0.0003153067074335945,0.3745079304414294
TUMOR.438,438,TUMOR,22336,35817,0.6350210536866792,168.63889963826435,-1,0.5028252403142658,256.46247288833507,22336,243.95549471059314,188.45435825579779,2097.952452253997,0.6236144847418823,1.3440348036546943,0.7724948293514072,0.06377111091645608,0.1777536919116651,9.032199792259405e-05,0.01779343359075103,0.001941922955335772,0.0,0.013006367700853543,0.789414261843472,69291.0,0.06155200531093504,0.056428684821982655,0.003954337504149168,0.00369456350752623,0.6602300443058983,0.021950902714638263,0.000519547993245876,0.006999466020118053,0.0008514814333751859,0.0,0.001457620758828708,0.7647890779466309,154060.0,0.07829417110216799,0.07027781383876412,0.006075554978579774,0.007659353498636895,0.5618005971699338,0.026307931974555367,0.0009996105413475269,0.0076139166558483705,0.0010580293392184862,0.0,0.001239776710372582,0.6948331818771907
TUMOR.456,456,TUMOR,16569,22766,0.9364051668595713,145.24567469194017,1,0.4422409651417285,277.50495491071865,16569,267.6508598705454,93.92423693660295,1384.950360212944,0.7277958358956338,1.2548846532874234,0.35092073674648855,0.10855197934491984,0.19909173478655767,0.007629427792915531,0.013745080230093853,0.0026642446260974873,0.0,0.0037541628822282775,0.7731153496821072,58268.0,0.12229697260932244,0.07649138463650718,0.01765977895242672,0.01450195647696849,0.6582515274250017,0.04354019358824741,0.0027459325873549806,0.007928880345987505,0.0023683668565936708,0.0,0.0029347154527356355,0.8421088762270886,138243.0,0.17003392576839332,0.08652155986198216,0.015508922694096627,0.02242428188045688,0.5612074390746729,0.05818016102081118,0.0020832881230876065,0.009873917666717302,0.002227960909413135,0.0,0.0027126147436036543,0.7960620067562191
TUMOR.534,534,TUMOR,18749,34744,0.940847216418581,154.50556049618268,-2,0.387056151940545,356.527698783699,18749,349.93375054847564,118.56843815744297,2516.1017305526643,0.5396327423440018,1.3640211919246017,0.33883110152022305,0.037216161717204814,0.19422502134927414,0.009500426985482494,0.006831767719897523,0.005817677198975235,0.0,0.005817677198975235,0.7778074295473953,76170.0,0.09575948536169096,0.05978731784166995,0.01329919915977419,0.021832742549560195,0.7455297361165814,0.04382302743862413,0.002376263620848103,0.004594984902192464,0.002967047393987134,0.0,0.00368911645004595,0.884180123408166,168509.0,0.08680841972832312,0.05316036532173356,0.008278489576224415,0.01614750547448504,0.5673168792171338,0.03811665845741177,0.0032757894237103063,0.0045220136609914014,0.0018040579434926325,0.0,0.002878184548006338,0.6891145280074061
TUMOR.570,570,TUMOR,53940,93139,0.9556962159279887,262.0659097307673,-7,0.4738562091503268,612.3601881246037,56621,592.7911306759992,174.49090925219915,6254.076656851997,0.5791344120078592,1.4396767137433444,0.2943547907898277,0.017329834127200405,0.17893540513852402,0.008365472397667356,0.010303131928530173,0.00579434725094554,0.0,0.004639204069085015,0.7919624392152479,130438.0,0.08962878915653413,0.0916297397997516,0.015854275594535335,0.019994173477054233,0.5008969778745458,0.03995001456630736,0.0013493000505987519,0.0065318388813075945,0.0035342461552615037,1.533295512044036e-05,0.003925236510832732,0.674895352581303,259491.0,0.13469831323629722,0.07421066626588205,0.013222038529274619,0.020648114963524748,0.40465757964630755,0.05775152124736503,0.0018150918528966322,0.005915426739270341,0.0030906659575861977,5.780547302218574e-05,0.0034143766065104376,0.5856927600571888
TUMOR.590,590,TUMOR,4847,7069,0.9688217249149644,78.5582081855953,0,0.3638615719540575,180.93645293306707,4847,175.9406778082091,43.59086624382553,554.5340546095176,0.6856698260008488,1.124453582478441,0.24775888547697553,0.19807352933128533,0.18219461697722567,0.009523809523809525,0.006418219461697723,0.004554865424430642,0.0,0.004761904761904762,0.7925465838509317,39402.0,0.16542307497081365,0.09243185625095172,0.023704380488300085,0.03299324907365108,0.6676057052941475,0.06964113496776814,0.0027155981929851275,0.00791837977767626,0.004898228516318969,0.0,0.0052789198517841735,0.9095477386934674,103751.0,0.19819568004163815,0.09108345943653555,0.021850391803452496,0.04219718364160346,0.5661439407812937,0.0821389673352546,0.0038842999103623098,0.007190292141762489,0.00493489219381018,0.0,0.0061011460130504765,0.8293510423995913
TUMOR.613,613,TUMOR,5010,10096,0.903544794002696,79.86820468198322,1,0.39990421455938696,150.57224179774968,5010,175.39155152453478,75.15416550664361,970.8010819142764,0.4962361331220285,1.2650282458934168,0.4284936466630812,0.06680163413978935,0.1136594276435965,0.004871118327582707,0.013192612137203167,0.0024355591637913536,0.0,0.017454840673838037,0.8483864420539883,41907.0,0.047032715298160215,0.18502875414608538,0.029732502923139333,0.0173956618226072,0.4819242608633402,0.011334621900875749,0.001646502970864056,0.019304650774333642,0.0032691435798315317,0.0,0.004199775693798172,0.7234352256186317,106302.0,0.036866662903802375,0.18441797896558862,0.014599913454121278,0.009388346409286749,0.4927282647551316,0.009689375552670692,0.0019284679498033903,0.014430584560967808,0.0022671257361103272,0.0,0.002135425485879852,0.7097138341705707
TUMOR.656,656,TUMOR,6206,9623,0.8363135818540504,88.8916453589786,1,0.4581764488741233,144.1700384962146,6206,147.35229262841878,80.78610008230086,844.1858582251266,0.6449132287228515,1.28397594291728,0.5482513956265396,0.1094322906662354,0.2139857881136951,0.004683462532299742,0.00872093023255814,0.0022609819121447027,0.0,0.0022609819121447027,0.7680878552971576,39530.0,0.17783961548191246,0.14619276498861625,0.015608398684543385,0.02754869719200607,0.34892486718947635,0.06875790538831267,0.004022261573488489,0.010169491525423728,0.004477611940298508,0.0,0.0035922084492790284,0.6349607892739692,102229.0,0.2512985552044919,0.11555429476958592,0.016423911023290848,0.03224134051981336,0.2861125512330161,0.09151023682125424,0.004196460886832503,0.00782556808733334,0.003091099394496669,0.0,0.0024846178677283355,0.6027252540864139
TUMOR.716,716,TUMOR,6004,8682,0.9263720029080706,87.43300421802923,0,0.5345441595441596,159.8780785473731,6004,161.6398209143443,60.875134354311456,831.8010819142763,0.691545726791062,1.220229129427086,0.3766097611959755,0.10904646357243084,0.2284841283313529,0.005092514004413512,0.0035647598030894585,0.005262264471227296,0.0,0.009675776608385672,0.7479205567815311,39473.0,0.09849770729359308,0.07975071567907177,0.019076330656398043,0.027461809338028526,0.37610518582322094,0.04562612418615256,0.0028627162870823093,0.006764117244698908,0.0045600790413700505,0.0,0.004686747903630329,0.553112253945735,102623.0,0.11561735673289614,0.06064917221285677,0.015503347202868752,0.026339124757607944,0.3484209192870994,0.04981339465811758,0.002514056303167906,0.0046968028609570955,0.0031084649639944264,0.0,0.004248560264268244,0.5130233963146663
TUMOR.991,991,TUMOR,153224,299819,0.39595183523254346,441.6909055012346,-12,0.3248032831366165,784.7681186184872,156915,635.2150921171989,583.2997758878028,10134.903350873188,0.5110550031852551,1.354138039451829,0.9182712802739618,0.01874551760183608,0.15365781807469478,0.04171385552027757,0.00818303819842231,0.004150436974239796,1.3092861117475697e-05,0.00145985401459854,0.7908219043566496,225525.0,0.04842035251080812,0.29939917969183016,0.012761334663562798,0.0213102760226139,0.4109743930828068,0.015306507039130916,0.0031482097328455827,0.015120274914089347,0.0018445848575545949,0.00011085245538188671,0.0019155304289990023,0.7826715441747034,420669.0,0.05700919250051703,0.2519986022264536,0.011591060905367403,0.017933339513964662,0.4320736731254264,0.016778036888860363,0.003798711100651581,0.013839859842298815,0.0018993555503257905,5.9429147381908343e-05,0.0014476940302232872,0.7502906085306975
TUMOR.1131,1131,TUMOR,12519,19717,0.9480266701414438,126.25246873047475,1,0.44583333333333336,267.0599183703912,12519,268.7807571986865,85.52358421791321,1313.8792924010781,0.6349343206370137,1.2291465470233052,0.31819087463427664,0.09113151026171869,0.12306576402321083,0.0,0.02804642166344294,0.0,0.0,0.008059316569954868,0.8408284977433914,57584.0,0.011617810502917478,0.10897124201166991,0.0005383439844401222,0.041782439566546266,0.4812795220894693,0.0017192275632120033,0.0,0.005487635454292859,0.00010419560989163657,0.0,0.004758266185051404,0.6722179772158933,136382.0,0.012604302620580429,0.11316742678652608,0.0004985995219310466,0.021513102902142513,0.35108738689856434,0.002405009458726225,0.0,0.0054479330116877596,0.00017597630185801644,0.0,0.0023976771128154744,0.5070170550365884
TUMOR.1137,1137,TUMOR,5136,8671,0.9477901199311656,80.86629892458166,1,0.39314145744029394,186.11824198610947,5136,179.50801635175188,57.244171592029765,864.0731598529185,0.5923192250028831,1.2967142552822395,0.3188947923075364,0.0864437997899223,0.11226083561108942,0.002147598594299102,0.017961733697774308,0.0031237797735259665,0.0,0.0025380710659898475,0.8619679812573213,42319.0,0.03400363902738723,0.2781729246910371,0.0067345636711642525,0.005293130745055412,0.6659892719582221,0.009900990099009901,0.0008979418228219003,0.020558141733027717,0.0020794442212717693,0.0,0.0004017108154729554,0.9661617713083958,107999.0,0.037167010805655605,0.23810405651904185,0.003962999657404235,0.0030278058130167873,0.6360707043583737,0.011870480282224835,0.0005000046296724969,0.01621311308438041,0.0011296400892600858,0.0,0.00046296724969675644,0.8961471865480236
TUMOR.1138,1138,TUMOR,12562,17335,0.981651372094522,126.46910753604263,1,0.595214404169628,316.9384798348096,12562,318.208186140774,60.67737314612151,1259.8965363437815,0.7246610902797808,1.2336130712168136,0.19068451343762127,0.099448649333328,0.1476542416452442,0.0024903598971722364,0.018717866323907456,0.004097043701799486,0.0,0.0007230077120822622,0.8263174807197944,60586.0,0.014062654738718516,0.24928201234608655,0.0013534479912851154,0.005199220942131846,0.5615818836034727,0.004770078896114614,0.00011553824315848546,0.013121843330142277,0.0005281748258673621,0.0,0.0004126365827088766,0.8225332585085663,143915.0,0.01548136052531008,0.17263662578605427,0.0006670604176076156,0.003307507903971094,0.539241913629573,0.0044123267206337075,4.863982211722197e-05,0.010290796650800819,0.0002779418406698398,0.0,0.0003543758468540458,0.7222457700726123
TUMOR.1188,1188,TUMOR,8243,13771,0.9177013794905861,102.44663765713322,-1,0.37536429872495447,195.386795869117,8243,204.90559444530484,81.40303252354666,1064.1980515339465,0.598576719192506,1.2924001938656118,0.3972709127045111,0.09146401148290904,0.20420640743458057,0.0030569821472242603,0.0119833700171191,0.004891171435558816,0.0,0.00293470286133529,0.772927366104182,47423.0,0.059970900196107374,0.36269320793707693,0.004006494738839804,0.009678847816460367,0.397634059422643,0.01880943845813213,0.0008645593910127997,0.027223077409695717,0.001581511081120975,0.0,0.000442823102713873,0.8047993589608418,116692.0,0.052102971926096045,0.2867720152195523,0.003187879203372982,0.012622973297226888,0.45091351592225687,0.01570801768758784,0.0005141740650601584,0.01922154046549892,0.0008998046138552772,0.0,0.0018681657697185753,0.7880231721111988
TUMOR.1738,1738,TUMOR,4974,10813,0.8914505074147827,79.58073570602812,0,0.32007722007722006,168.07438829280326,4974,167.3732572925598,75.83984869354603,1114.4173516239528,0.4600018496254508,1.3304064198506877,0.45311807824222416,0.05032918687968078,0.06563004846526656,0.0,0.010904684975767368,0.0006058158319870759,0.0,0.027867528271405494,0.8949919224555735,43499.0,0.07478332835237592,0.17317639485965194,0.002436837628451229,0.09503666750959792,0.49973562610634725,0.011747396491873376,0.0005287477873054553,0.007793282604197798,0.00018391227384537576,0.0,0.0085289316995793,0.8298121795903354,108412.0,0.04708888314946685,0.1983636497804671,0.0016049883776703686,0.07788805667269307,0.4224071136036601,0.007314688410877025,0.00035973877430542746,0.008357008449249161,0.00011068885363243921,0.0,0.0058757333136553146,0.7356012249566468
TUMOR.2410,2410,TUMOR,4613,5777,0.8020490377083068,76.63846305780999,1,0.6129418017539198,110.16351483136329,4613,104.85741500711606,62.626949508030215,421.1370849898476,0.7985113380647395,1.1586040501283947,0.5972581863073784,0.3268483863400955,0.14026548672566372,0.07079646017699115,0.034955752212389384,0.007300884955752212,0.0,0.001327433628318584,0.745353982300885,32161.0,0.0875283728739778,0.2295948509063773,0.007275893162526041,0.002332017039271167,0.3133609029569976,0.0209881533534405,0.008426354901899816,0.030782624918379405,0.004912782562731258,0.0,0.0,0.5848698734492087,89268.0,0.04741900793117355,0.15714477752386075,0.0033158578662006544,0.0009409866917596451,0.43499350271093784,0.010978178070529193,0.004391271228211677,0.022068378366267866,0.0021060178339382535,0.0,0.0,0.617993009813147
TUMOR.2902,2902,TUMOR,4606,11316,0.9073621121616106,76.58029343799983,-1,0.22199730094466938,189.73665961010275,4606,173.36062131038628,72.87211137377275,867.58787847868,0.4070342877341817,1.2010853169997662,0.4203498512116078,0.07689654840248016,0.04924820222270647,0.0,0.06079755938112879,0.0,0.0,0.0,0.8899542383961647,46254.0,0.016798547152678686,0.36535218575690753,0.0018376789034461884,0.01461495222034851,0.58846802438708,0.0007350715613784754,0.0,0.030548709300817226,0.0007783110649889739,0.0,0.001643101137198945,0.9630950836684394,113904.0,0.013607950554853209,0.30378213232195533,0.003432715268998455,0.017374280095519033,0.5757655569602472,0.001009622137940722,0.0,0.019814931872453995,0.001053518752633797,0.0,0.0025196656833824977,0.9227682961090041
TUMOR.3186,3186,TUMOR,6099,6767,0.82332073764016,88.12200623760081,1,0.6613532856213403,130.20752666416791,6099,120.39202927713926,68.33167383769366,465.90663761154804,0.901285650953155,1.1400245717103434,0.5675763939520942,0.3530780357986777,0.22562078605492517,0.015129090610097023,0.029435948034862686,0.00164446637066272,0.0,0.0,0.7281697089294524,33448.0,0.010404209519253768,0.338465678067448,0.001464960535756996,0.0022422865343219326,0.355267878497967,0.0024814637646496055,0.0002092800765367137,0.04756637168141593,0.0015247548433389142,0.0,0.0003587658454915092,0.6693972733795742,92236.0,0.007524177110889457,0.25845656793442906,0.0005312459343423392,0.0016371048180753719,0.33586668979574136,0.0010299666073984128,7.589227633461988e-05,0.03157118695520187,0.0006396634719632247,0.0,0.0002493603365280368,0.5769872934645909
TUMOR.3705,3705,TUMOR,9783,10202,0.434569317837056,111.60691047665506,1,0.7411363636363636,126.19429464123962,9783,118.25625620037968,106.50612409016456,400.19090885901,0.9589296216428151,1.0983706192659362,0.9006383891410779,0.7676221190815535,0.31599959054150883,0.0027638448152318557,0.010645920769781964,0.0,0.0,0.0,0.6705906438734773,36189.0,0.014838763160076266,0.48094724916411064,0.0008289811821271657,0.002486943546381497,0.4986045483434193,0.0032053939042250407,0.00105004283069441,0.041946447815634585,0.0022935146038851584,0.0,0.0002210616485672442,0.9512835391969936,97980.0,0.11517656664625434,0.29854051847315777,0.0004898958971218616,0.0021228822208614003,0.5594509083486425,0.03538477240253113,0.001490100020412329,0.028077158603796695,0.0017146356399265156,0.0,0.00035721575831802407,0.91053276178812
TUMOR.3789,3789,TUMOR,13244,20355,0.9327311079667637,129.85678469172296,1,0.3483063328424153,254.678228358845,13244,261.16885645905205,94.17036271563964,1055.2874093090415,0.6506509457135838,1.2339895241126957,0.36057271143431435,0.14944711063635227,0.22519458928436484,0.00816141464520517,0.028791657220584903,0.0021914909695458324,0.0,0.000906823849467241,0.734754024030832,55917.0,0.09896811345386913,0.4820537582488331,0.005061072661265805,0.006491764579644831,0.40563692615841335,0.027165262800221756,0.0006795786612300374,0.046819393028953625,0.0041668902122789135,0.0,0.0014128082693992882,0.9197560670279163,133290.0,0.11743566659164228,0.3669892715132418,0.0037062045164678523,0.0059644384424938105,0.5037437167079301,0.03499887463425613,0.0008852877185085153,0.03514892340010503,0.002828419236251782,0.0,0.001177882811913872,0.9249606121989646
TUMOR.3801,3801,TUMOR,4141,4413,0.44091586266555144,72.61187888182145,1,0.8240796019900497,89.40357934669059,4141,77.52041744430929,69.57832974111952,286.0243866176395,0.9383639247677317,1.0913917862502494,0.8975484399462197,0.6360759403891952,0.24248302618816683,0.01066925315227934,0.021823472356935016,0.0033947623666343357,0.0,0.0009699321047526673,0.7206595538312318,28649.0,0.22447554888477783,0.4588641837411428,0.012251736535306642,0.00568955286397431,0.2974972948444972,0.06387657509860728,0.0031414709064888826,0.04220042584383399,0.0068414255296869,0.0,0.0009773465042409858,0.8829627561171419,82921.0,0.21331146512946056,0.3967752439068511,0.0057645228591068605,0.005788642201613584,0.3769370846950712,0.06600258076964823,0.001808950688004245,0.03640814751389877,0.004968584556384993,0.0,0.0009285946865088458,0.8898831417855549
TUMOR.3853,3853,TUMOR,9672,10847,0.8592421686104175,110.97194634987031,1,0.5482993197278911,165.41463055002117,9672,162.35107360356218,83.05378492840721,497.4041122946064,0.8916751175440214,1.0250213809804931,0.5115690527012623,0.49125548102033717,0.23759709994821335,0.008803728638011392,0.01677887105126877,0.001967892283790782,0.0,0.001967892283790782,0.7328845157949249,39874.0,0.24589958368861914,0.4998495260069218,0.01276521041280032,0.008025279630837137,0.2321813713196569,0.07591412950795004,0.0021567939007874804,0.05389476852084065,0.00927922957315544,0.0,0.001429502934242865,0.8573255755630236,104962.0,0.1774737524056325,0.4467902669537547,0.0064690078314056515,0.006135553819477525,0.3611021131457099,0.05626798269850041,0.0015719974848040243,0.04166269697604848,0.00493511937653627,0.0,0.0011242163830719688,0.8944379870810388
TUMOR.3864,3864,TUMOR,6278,12502,0.7893436067098222,89.40580440803244,0,0.38993788819875774,156.0833110873805,6278,152.07346226007274,93.36575827846944,997.5117600329312,0.5021596544552872,1.2850490732002753,0.6139516842116565,0.07928574776488835,0.08024888321633696,0.003669432035737077,0.026005105296745372,0.0,0.0,0.009253350350989151,0.8808232291001914,45072.0,0.0768991835285765,0.14408058217962372,0.006478523251686191,0.011315228966986156,0.5022186723464679,0.011803336883209089,0.0,0.012335818246361378,0.0006656017039403621,0.0,0.0038383031593894213,0.718583599574015,112021.0,0.05550744949607663,0.09356281411521054,0.003258317636871658,0.007266494675105561,0.4092625489863508,0.01119432963462208,0.0,0.007811035430856714,0.0003749297006811223,0.0,0.0023477740780746465,0.5520393497647762
TUMOR.4109,4109,TUMOR,31781,42415,0.9714349693418434,201.15870841509252,-1,0.4504109977324263,448.02008883531107,32361,452.6396158011985,107.41406109776962,1701.9696961967,0.7492868089119415,1.1109589975019647,0.23730592141750667,0.13787126997943638,0.20745451111251023,0.007114524963797771,0.019014040168733867,0.0011332871623748661,0.0,0.00015740099477428698,0.765126235597809,81020.0,0.010046901999506294,0.4308936065169094,7.405578869414959e-05,0.004875339422364848,0.5080597383362133,0.0015675141940261663,0.00040730683781782273,0.03375709701308319,0.0010120957788200444,0.0,0.0007899284127375957,0.9167242656134288,183598.0,0.006677632653950479,0.3739910020806327,5.446682425734485e-05,0.005049074608655868,0.5258826348870903,0.0009912962014836763,0.0002995675334153967,0.020882580420266014,0.0006100284316822623,0.0,0.0005119881480190416,0.8885009640627893
TUMOR.4289,4289,TUMOR,84250,113596,0.6655758000693998,327.52165064914027,1,0.5837802630302527,472.682768884164,84250,426.88453883677477,318.59684810796796,2443.2194795587557,0.7416634388534807,1.1443258837364692,0.7463302582382537,0.17735964422578834,0.2843216020145093,0.0029018526290545,0.008753522393428862,0.0005995563283170454,1.1991126566340908e-05,0.00011991126566340908,0.7032915642424605,112732.0,0.0003193414469715786,0.14299400347727353,6.209417024447362e-05,7.096476599368414e-05,0.4211670155767661,1.7741191498421035e-05,0.0,0.016188837242309195,0.0001596707234857893,0.0,0.00014192953198736828,0.5612425930525494,238184.0,0.0070617673731233,0.08898582608403587,4.1984348234978e-05,6.2976522352467e-05,0.3409842810600208,0.002439290632452222,6.2976522352467e-05,0.009786551573573372,0.000125953044704934,0.0,0.0001217546098814362,0.43116666106875357
TUMOR.4351,4351,TUMOR,49561,70979,0.5629732870621342,251.20315498938186,1,0.5192460816360741,347.1440623141925,49561,349.34254738585906,288.7229140659137,2037.8763338082479,0.6982487778075205,1.1338866952431257,0.8264750922166111,0.1499665059529591,0.24393056567127944,0.0020433762240025894,0.015436594642712633,0.0007485635672088694,0.0,8.09257910496075e-05,0.7377599741037468,92551.0,0.019416321811757842,0.5200159911832395,0.0010480707934003954,0.0027768473598340374,0.35104969152143145,0.004354355976704736,0.0007455348942745081,0.04680662553619086,0.0031766269408218173,0.0,0.0007455348942745081,0.8402610452615314,195757.0,0.017726058327416132,0.45880862497892794,0.0005006206674601674,0.0027023299294533527,0.3860551602241555,0.0036933545160581743,0.0005976797764575469,0.031222382852209626,0.0017215220911640451,0.0,0.0006334383955618445,0.828992066694933
TUMOR.4588,4588,TUMOR,60890,115559,0.9312539080636747,278.4377055625263,0,0.28670037950485444,542.8600187893745,60890,596.0924389772737,217.19874333974047,3281.004363550855,0.5269169861282981,1.3055140021725136,0.36437090816382806,0.07107914942316759,0.2305480239914551,0.005784241229151261,0.03692383534631501,0.0010845452304658614,0.0,0.0014131953003040014,0.7242461589023088,122264.0,0.06336288686776156,0.3253615127919911,0.001611267421317804,0.0026418242491657398,0.39670712556435256,0.02224694104560623,9.814826931885102e-05,0.03385297389256036,0.0006379637505725316,0.0,0.00017175947130798928,0.7431050840803507,256221.0,0.05684155475156213,0.22527037206161868,0.0008313135925626705,0.0013425909663922942,0.3194663981484734,0.019920303175774038,7.025185289262004e-05,0.022055178927566435,0.0003395506223143302,0.0,9.757201790641673e-05,0.5678769499767778
TUMOR.4596,4596,TUMOR,45703,56336,0.6622827768509386,241.2278319618844,0,0.655898392652124,328.40219244091537,45703,300.9907636564431,225.51852699835138,1503.7371567773473,0.8112574552683897,1.0936907627925587,0.7492539779584823,0.2539865450271584,0.34747599876122637,0.025439101004291465,0.011945316993319471,0.0009512011679865505,0.0,0.0007963544662212981,0.6133920276069549,76281.0,0.08885567834716378,0.09247387947195239,0.002084398474063004,0.0032118089694681507,0.30065153839094927,0.035565868302722826,0.0011798481928658512,0.013961536948912574,0.000209750789842818,3.9328273095528376e-05,0.0005899240964329256,0.4534943170645377,173310.0,0.08615775200507761,0.059240667012867114,0.0011886215452080087,0.002244532917892793,0.23150424095551325,0.03370261381339796,0.0007558709826322774,0.00904737176158329,9.232012001615603e-05,1.7310022503029254e-05,0.00044429057757775083,0.3471525012982517
TUMOR.4598,4598,TUMOR,16182,17594,0.8722776316589103,143.53941031265387,1,0.5599501712862037,208.33866659840174,16182,207.4399316740616,101.44040316488865,713.6295090390227,0.919745367739002,1.131371324941173,0.48901097462891624,0.3992973800905399,0.2532170254887404,0.0009279881217520415,0.04058401385795595,0.0012373174956693887,0.0,0.0008661222469685721,0.7031675327889136,46636.0,0.22692769534265375,0.48610515481602196,0.0023372501929839608,0.004352860451153615,0.21835063041427225,0.0668367784544129,0.0032163993481430656,0.04344283386225234,0.0008577064928381508,0.0,0.00025731194785144526,0.8328115618835235,118264.0,0.27108841236555503,0.37660657512007034,0.003179327606033958,0.004489954677670297,0.21588987350334843,0.08233274707434216,0.0025789758506392477,0.037915172833660284,0.0007525536088750592,0.0,0.0005157951701278495,0.7568490834066157
TUMOR.4749,4749,TUMOR,17423,19234,0.6871475262306806,148.94177583176838,1,0.6704248114514392,179.52437160452615,17423,178.5692418158597,129.73375280220375,619.8477631085024,0.9058438182385359,1.08529061741867,0.726517912508051,0.5698528492813422,0.3449076762280804,0.00603878759725932,0.014051794216699571,0.0010451747764487283,0.0,0.0012193705725235164,0.6327371966089885,46539.0,0.298416381959217,0.16579642880165024,0.0025355078536281397,0.0032875652678398763,0.3318721932142934,0.12103826897870604,0.003975160617976321,0.02619308536926019,0.00038677238445175013,6.44620640752917e-05,0.0005156965126023336,0.6716732203098477,117850.0,0.34908782350445483,0.12256257955027577,0.006567670767925329,0.003954179041154009,0.3132032244378447,0.14447178616885872,0.005888841747984726,0.02210436996181587,0.0007976240984302079,2.5456088247772593e-05,0.0007127704709376326,0.6343487484089945
TUMOR.4779,4779,TUMOR,22563,24827,0.8843719859114729,169.49366904949423,0,0.6073158914728682,267.6191323504357,22563,251.95886259909224,117.61006557088444,746.6589462905455,0.9088089579892858,0.9989055658646298,0.46678280873977945,0.5085833770782672,0.29734967997836476,0.0016226449112052646,0.005949698007752637,0.0,0.0,0.00022536734877850898,0.6948526097538988,54312.0,0.04339740757107085,0.2060318161732214,0.0009206068640447784,0.0001104728236853734,0.2449550743850346,0.014103697157166004,0.0015834438061570187,0.02235233465900722,0.0005155398438650759,0.0,0.0,0.4671343349536014,133390.0,0.0479721118524627,0.11846465252267786,0.0007346877577029762,9.745858010345604e-05,0.21881700277382113,0.015593372816552965,0.0008096558962440962,0.01302946247844666,0.0002848789264562561,0.0,4.4980883124672017e-05,0.3647724716995277
TUMOR.4869,4869,TUMOR,26948,31288,0.6762676814170161,185.23298640232298,1,0.6146337013046255,227.72790781983662,26948,221.83437991190578,163.41562105629046,1015.9970414071698,0.8612886729736641,1.138231182471654,0.7366559733490615,0.3280586671870789,0.3430559172588266,0.016592879199374976,0.016295249079206816,0.0025670597864503888,0.0,0.00011161129506306038,0.6213772833810781,57153.0,0.12755235945619653,0.19738246461253128,0.005074099347365842,0.007471173866638672,0.40849999125155284,0.04479204941122951,0.0037268384861687052,0.03030462092978496,0.0004724161461340612,0.0,0.0021346211047539062,0.6922296292408098,137850.0,0.13321726514327167,0.11678636198766776,0.0054334421472615165,0.0045701849836779105,0.2906855277475517,0.048603554588320635,0.003627130939426913,0.018360536815379035,0.0004642727602466449,0.0,0.0011244105912223432,0.49215814290895904
TUMOR.5089,5089,TUMOR,9532,17526,0.9089394433328345,110.16587194052235,1,0.3078811369509044,233.46520083301493,9532,235.14180394012254,98.03723902214413,1518.0874452027915,0.5438776674654798,1.3757135243828105,0.4169281573050649,0.051975696821138055,0.08990652242411512,0.07824808318453944,0.042852641529251126,0.003991177397332213,0.0,0.00378111542905157,0.7812204600357106,54426.0,0.11025980230037115,0.2864623525520891,0.010638297872340425,0.008359975011942822,0.5219380443170544,0.027762466468232095,0.007716900011024143,0.039227575056039396,0.0004593392863704847,0.0,0.0010105464300150663,0.8819314298313307,129489.0,0.08499563669500884,0.1595502320660442,0.007900284966290572,0.00598506436840195,0.41822085273652587,0.023446006996733312,0.004865278131733197,0.02362362826186008,0.0005096958042768112,0.0,0.0009035516530361652,0.6336059433619844
TUMOR.5114,5114,TUMOR,6159,10269,0.9470331483020377,88.55440336891141,0,0.33392973324658426,180.42172818150257,6159,191.47903132002202,61.49077607266277,621.747258045114,0.5997662868828513,1.1450767137358648,0.3211358217594711,0.20021301733309826,0.18336079077429984,0.01614497528830313,0.029324546952224053,0.0,0.0,0.0,0.771169686985173,42585.0,0.11933779499823882,0.2659152283667958,0.014770459081836327,0.013619819185159093,0.3493248796524598,0.023529411764705882,0.019513913349771046,0.036937888928026304,0.0010567101091933778,0.0,0.0020194904309029003,0.6961371374897264,108846.0,0.10617753523326534,0.1831578560535068,0.01251309189129596,0.008828987744152288,0.33167043345644304,0.025696856108630543,0.012614152104808629,0.028655164176910497,0.000946291090164085,0.0,0.00141484298917737,0.5852856329125553
TUMOR.5298,5298,TUMOR,12115,14184,0.7792119672238343,124.19861949501087,1,0.6251289989680082,179.77764043395385,12115,162.3236116749955,101.73802617316062,702.2741699796952,0.854131415679639,1.1329141371559042,0.6267604886518949,0.3086881032655583,0.24461512773417932,0.0064284521622975455,0.017532142260811488,0.0,0.0,0.0,0.7314242778427117,43125.0,0.0864695652173913,0.553831884057971,0.002226086956521739,0.0054028985507246375,0.17168695652173913,0.027895652173913044,0.00013913043478260868,0.03895652173913043,0.001136231884057971,0.0,0.0001855072463768116,0.754295652173913,110758.0,0.15523032196319905,0.4682731721410643,0.002600263637841059,0.0035302190360967153,0.17234872424565267,0.051301034688239225,0.0008757832391339677,0.02790769064085664,0.0010202423301251377,0.0,0.00044240596616045794,0.7226295166037667
TUMOR.5339,5339,TUMOR,38433,44189,0.8038032007063873,221.21124614902948,0,0.6030408585953682,315.48375552474965,38433,299.7016922677911,178.2911272686804,1474.9331162702406,0.8697413383421213,1.1875729507279031,0.5948952971188857,0.22200844568780875,0.20112997292230786,0.013304519891689232,0.025281191418454488,0.0022391168506561135,0.0,0.003254530306186211,0.7547906686107061,67763.0,0.00488467157593377,0.6588993993772413,0.0015495181736345793,0.0044419520977524605,0.32938329176689346,0.0007083511650900934,0.0002213597390906542,0.038782226288682616,0.0020217522836946415,0.0,0.0001328158434543925,0.9581334946799877,157658.0,0.016237679026754114,0.5949650509330323,0.0009577693488436996,0.004281419274632432,0.38288574001953596,0.003425135419705946,0.0005581702165446727,0.029316622055334966,0.0011797688667876036,0.0,0.00034251354197059456,0.9651777898996562
TUMOR.5361,5361,TUMOR,5823,12702,0.9851614141674458,86.10501651467732,0,0.17224243499866893,245.97967395701622,5823,286.90969105826196,49.242419884300475,1007.6955262170046,0.4584317430325933,1.3010469525336517,0.17163038202951797,0.07206061979878016,0.1252605976372481,0.024148714384989577,0.046560111188325225,0.0,0.0,0.01911049339819319,0.784920083391244,51103.0,0.2076590415435493,0.3951822789268732,0.0043245993385906895,0.022503571218910827,0.07938868559575758,0.018433360076707827,0.001095826076746962,0.028041406571042794,0.00011740993679431736,0.0,0.006203158327299767,0.7373931080367102,125440.0,0.20833067602040817,0.3180404974489796,0.004735331632653062,0.012675382653061224,0.12737563775510205,0.012428252551020409,0.002646683673469388,0.022456951530612244,0.00030293367346938776,0.0,0.0029416454081632654,0.683625637755102
TUMOR.5365,5365,TUMOR,68288,88958,0.885100659544923,294.8677365038006,0,0.4436936351586662,501.50373876971247,68288,488.8146939759546,227.49418132227095,2275.5504320004434,0.7676431574450865,1.1378029257262696,0.465399637379685,0.16572244321121277,0.24769887990134912,0.008470470793757982,0.021403719960657087,0.0019084249621985055,8.80811521014695e-05,0.001409298433623512,0.7190211247963123,100431.0,0.042347482351066904,0.5640389919447183,0.0009160518166701516,0.0054664396451294915,0.24267407473787975,0.011858888191892942,0.0003086696338779859,0.045324650755244895,0.0011251506009100777,0.0,0.00018918461431231392,0.8018838804751521,219805.0,0.04847478446805123,0.5012715816291713,0.000591433315893633,0.003312026569004345,0.250071654420964,0.013939628306908395,0.0003685084506721867,0.03608653124360228,0.0006642251086190032,0.0,0.00021837537817611063,0.7568299174268102
TUMOR.5410,5410,TUMOR,5126,8072,0.9478132415426456,80.78753558756725,0,0.43224555190150943,178.48809484108457,5126,168.08554069681927,53.59005137431277,828.4163056034262,0.6350346878097126,1.342328134502317,0.3188260641108606,0.0938622993499839,0.09798552708781537,0.0,0.03207510267944455,0.0,0.0,0.004498337570897712,0.8654410326618424,40494.0,0.025337086975848275,0.7076603941324641,0.0150392650763076,0.0622561367116116,0.1746431570109152,0.002222551489109498,0.0,0.05361288092063022,0.006099669086778288,0.0,0.0017039561416506148,0.9363609423618314,105009.0,0.04384386100239027,0.5008618308906856,0.041225037853898236,0.03288289575179271,0.3524745498004933,0.010846689331390642,0.00011427591920692512,0.04470093039644221,0.014294012894132884,0.0,0.001304650077612395,0.9101600815168224
TUMOR.5451,5451,TUMOR,44498,73907,0.5878026797108912,238.0264969738144,1,0.3989420835574682,353.1925820285585,44498,357.6783937458651,289.3633701203532,1685.8864350760148,0.602080993681248,1.1609826459939658,0.8090043323275194,0.19674047843623624,0.24680812803452618,0.07215428879697897,0.015779536054666428,0.001236288437331415,0.0,0.0,0.664021758676497,100325.0,0.046947420882133065,0.31467729877896833,0.04026912534263643,0.009668577124345877,0.5545377523050087,0.005591826563668079,0.003289309743334164,0.0391926239720907,0.007326189882880638,0.0,0.0012160478445053576,0.943384001993521,210586.0,0.10661677414453002,0.2624438471693275,0.04527366491599631,0.012227783423399466,0.43705659445547185,0.008590314645797917,0.00724169697890648,0.02937517213869868,0.00735091601530966,0.0,0.0024503053384365534,0.8501039955172709
TUMOR.5469,5469,TUMOR,47341,65703,0.9717387394706392,245.5125929301944,0,0.30193697342321946,538.1867705546096,47341,553.3187312710511,130.61583208207705,2099.207286249936,0.72053026498029,1.1928723716781757,0.23605893800492544,0.13500089299090423,0.22372508823467252,0.004945368472219287,0.04884079717649048,0.00200773506350783,0.0,0.0007608259188029672,0.7197201851343069,97749.0,0.08231286253567811,0.4249762145904306,0.003723823261619045,0.011007785245884869,0.46742166160267623,0.027990056164257433,2.0460567371533213e-05,0.06376535821338326,0.0013503974465211921,0.0,0.0014629305670646247,0.9054107970414019,214308.0,0.07209250237975251,0.35478843533605836,0.002029788901954197,0.027973757395897494,0.4892537842731023,0.0244227933628236,0.00035929596655281184,0.0461392015230416,0.0009658995464471695,0.0,0.0014745133172816695,0.8837560893667059
TUMOR.5485,5485,TUMOR,13022,16234,0.7047090252735039,128.76383557327458,0,0.5533741288458269,171.05846953600397,14805,176.00165246769163,124.87254478400885,862.1980515339463,0.8021436491314525,1.1951328003901798,0.7094964338867871,0.22012708416770663,0.24599507085643868,0.0008471965495995071,0.032886629698089954,0.0024645717806531116,0.0,0.006315465187923599,0.7114910659272952,46044.0,0.18469290244114325,0.2521066805664147,0.0027147945443488837,0.006776127182694814,0.5455651116323517,0.056359134740682826,0.0011510728868039267,0.04380592476761359,0.0006732690469985231,0.0,0.0026930761879940925,0.895317522369907,115212.0,0.22215567822796237,0.30673888136652433,0.003194111724473145,0.00962573343054543,0.43441655383119815,0.06965420268722008,0.0018140471478665418,0.04851925146686109,0.0012759087595042183,0.0,0.0017446099364649516,0.8591466166718744
TUMOR.5519,5519,TUMOR,58167,91317,0.8767563274944675,272.1406338616308,-5,0.37189274205922973,531.988721684962,63841,478.92870118972377,230.33350916876262,3161.520128197143,0.6369788757843556,1.2499258585450905,0.4809348627396583,0.0731298406491649,0.018330954550926006,0.0034392034804739224,0.008941929049232198,0.0,0.0,0.0010661530789469159,0.9682217598404209,114703.0,0.04944944770407051,0.440075673696416,0.00985152960253873,0.013582905416597648,0.28422970628492716,0.008700731454277568,0.004542165418515645,0.026912983967289434,0.0012379798261597343,0.0,0.00240621431000061,0.8730721951474678,237384.0,0.10156118356755299,0.29721042698749706,0.019563239308462238,0.011306575000842516,0.30310804435008254,0.024643615407946618,0.007637414484548242,0.02221716712162572,0.0038039631988676576,0.0,0.001984126984126984,0.7446879317898426
TUMOR.5703,5703,TUMOR,5253,5951,0.8344714815829982,81.78219444655304,1,0.5986324786324786,122.41323457861898,5253,115.34739376227944,63.562311523541986,369.7645019878171,0.8827087884389179,1.1056366761024548,0.5510511286846946,0.48279952391775693,0.2932646441518794,0.0,0.021751574127074985,0.0009540164090822362,0.0,0.0007632131272657889,0.6832665521846976,32684.0,0.07232896830253335,0.7174152490515237,0.008046750703708236,0.0145637008934035,0.16222004650593563,0.01912250642516216,0.00012238404112103782,0.08297637988006364,0.00278423693550361,0.0,0.00223350875045894,0.8927609839676907,90741.0,0.13649838551481688,0.4628888815419711,0.04478681081319359,0.01278363694471077,0.3319117047420681,0.04261579660792806,0.00019836678017654645,0.060898601514199756,0.013929756119064149,0.0,0.0015759138647358966,0.8807815651138956
TUMOR.5742,5742,TUMOR,5225,8126,0.9268593267690886,81.56394191823507,1,0.4009669250249405,163.24827717314508,5225,160.31208225334458,60.182570964386414,555.2619766708754,0.6429977848880137,1.088817244966594,0.3754088283207414,0.21296110384094336,0.16068343252063735,0.04242656939911691,0.06143213668650413,0.0003839508542906508,0.0,0.0,0.7350739105394509,39894.0,0.06018448889557327,0.28192209354790193,0.05050884844838823,0.017521431794254774,0.5346919336241038,0.00952524189101118,0.009274577630721412,0.03749937333934927,0.005038351631824334,0.0,0.0033839675139118665,0.9182583847195067,103897.0,0.10226474296659191,0.15324792823661895,0.09778915656852459,0.0102697864230921,0.48713629844942585,0.015101494749607784,0.018210342935792177,0.02629527320326862,0.01725747615426817,0.0,0.002165606321645476,0.7906676804912558
TUMOR.5795,5795,TUMOR,4252,4576,0.5137000783010862,73.57862831158184,1,0.7290809327846365,83.93449827097318,4252,79.85237634258873,68.51092977264997,285.2375900532359,0.9291958041958042,1.0642696415216457,0.8579698302116794,0.6567341543086131,0.21617161716171618,0.012494106553512494,0.024045261669024046,0.0,0.0,0.0,0.7472890146157473,28452.0,0.0051314494587375225,0.4247856038239843,0.000597497539716013,0.004639392661324336,0.5565162378743146,0.000562350625615071,0.0003163222269084774,0.05816814283705891,0.0003514691410094194,0.0,0.0008083790243216646,0.9397933361450864,82459.0,0.03880716477279618,0.39009689663954206,0.0013946324840223626,0.0029954280309002048,0.5370183970215501,0.015486484192143974,0.0001940358238639809,0.051759056015716905,0.0010308153142773984,0.0,0.0014673959179713554,0.9093488885385465
TUMOR.5801,5801,TUMOR,25213,31670,0.468418737840496,179.17083647013445,-1,0.5584274640088593,221.38202275704322,26764,211.48975138963178,186.85258804884495,1456.2112908632928,0.7961161982949163,1.2409294975087894,0.8835065851706578,0.14941204146679932,0.23269384492406076,0.00047961630695443646,0.025019984012789768,0.004916067146282973,0.0,0.012589928057553957,0.7243005595523581,59727.0,0.005458167997722973,0.26822040283288967,0.05968824819595828,0.006730624340750414,0.4930600900765148,0.0012222278031710952,0.00023439985266294976,0.044703400472148276,0.010196393590838314,0.00010045707971269275,0.0041187402682204026,0.7745240845848611,141061.0,0.013845074116871425,0.2929158307398927,0.035566173499408056,0.004622113837276072,0.4624878598620455,0.002303967786985772,0.00028356526609055654,0.04362651618803213,0.006585803304953176,4.253478991358349e-05,0.002467017814987842,0.7606567371562657
TUMOR.5834,5834,TUMOR,10156,20344,0.4936230815438489,113.71464644596277,0,0.3517229437229437,179.7386992275175,10156,167.54580824310779,145.7105595052671,1994.685424949238,0.4992135273299253,1.3877603309102218,0.8696759473316223,0.03207626018581278,0.014162622561156779,0.1356838664949985,0.020104981677726057,0.07021887689412697,0.0,0.0005942359116569278,0.7592354164603348,55836.0,0.07726198151730067,0.14684074790457768,0.24065119277885236,0.014847052081094634,0.33704061895551257,0.012733720180528691,0.011265133605559138,0.0392936456766244,0.048087255534064045,0.0,0.0022386990472096856,0.7204491725768322,129313.0,0.08523504984030994,0.14983798999327214,0.11588162056405775,0.01252774276368192,0.4258195231724575,0.016927919080061558,0.008854484854577653,0.031110561196476767,0.021683821425533396,0.0,0.002637012520009589,0.7277690564753737
TUMOR.5960,5960,TUMOR,5719,16185,0.965054897978745,85.33262539228707,1,0.17479674796747968,269.0669061776271,5719,286.4638127115168,75.0672088410867,1158.8082245892128,0.3533518690145196,1.2616695104524702,0.2620477893194945,0.053518856145107305,0.05117420259376095,0.05275148966000701,0.05625657202944269,0.01840168243953733,0.0,0.00946372239747634,0.8119523308797757,58146.0,0.03728545385753104,0.13342276338871117,0.13918412272555292,0.010146871667870533,0.5450761875279468,0.0015822240566848967,0.00957933477797269,0.026295875898600076,0.02588312179685619,0.0,0.0026657035737625975,0.8167027826505693,135388.0,0.05256743581410465,0.18037787691671345,0.10245368865778355,0.012209353857062665,0.38346825420273584,0.006588471651845068,0.010421898543445504,0.02757260613939197,0.018066593789700713,0.0,0.002489142316896623,0.6893890152746182
TUMOR.5981,5981,TUMOR,14161,17729,0.6767688710665155,134.27712088436598,-1,0.5946502057613169,180.01388835309348,16505,180.89808793341007,133.17636823887443,851.955410846827,0.7987478143155282,1.2033750005664103,0.7361955549684839,0.24517154044582684,0.3175871579096245,0.0010607453503995474,0.016476911109539638,0.0004950144968531221,0.0,0.00021214907007990948,0.6641680220635033,46935.0,0.18838819644188773,0.3375732395866624,0.00945989133908597,0.006200063918184723,0.44972834771492487,0.07152444870565676,0.0003408969851922872,0.046298071801427504,0.004729945669542985,0.0,0.0015340364333652923,0.8755726004048152,116600.0,0.22277873070325901,0.32849056603773585,0.0058404802744425385,0.008490566037735849,0.42365351629502573,0.0785934819897084,0.000797598627787307,0.04608919382504288,0.0030617495711835335,0.0,0.002006861063464837,0.869451114922813
TUMOR.5995,5995,TUMOR,4166,4456,0.9341967898728836,72.83073488141314,1,0.5864301801801802,122.15563842901399,4166,123.24501463588851,43.968659998148055,307.9655121145938,0.9349192100538599,1.2302103382357872,0.35675812224979475,0.551982057749627,0.25234996384671005,0.001205109664979513,0.023138105567606652,0.0,0.0,0.0,0.7233068209207038,30686.0,0.0864237763149319,0.372417389037346,0.00032588150948315193,0.030665450042364595,0.47565665124160855,0.028970866193052208,0.0004562341132764127,0.03741119728866584,0.0003910578113797823,0.0,0.0006517630189663039,0.9321188815746595,87051.0,0.10126247831730824,0.26350070648240687,0.00020677533859461694,0.041814568471355874,0.5654156758681692,0.03419834349978748,0.00048247579005410623,0.026513193415354217,0.00024123789502705312,0.0,0.0010223891741622728,0.9375423602256149
TUMOR.6018,6018,TUMOR,9550,17237,0.976357981985347,110.26984017500345,1,0.28452256815134813,271.9503631179778,9550,305.62416437155434,66.06368078118145,831.9137802864846,0.5540407263444915,1.1865598811521259,0.2161598737358552,0.17340299691610944,0.2586568730325289,0.0013641133263378805,0.014900314795383,0.0004197271773347324,0.0,0.0002098635886673662,0.7244491080797482,55088.0,0.0348714783618937,0.2957812953819344,0.0,0.13142608190531513,0.47587496369445254,0.009366831251815278,0.00036305547487656113,0.024179494626778972,7.261109497531223e-05,0.0,0.0025232355503921,0.9436537902991577,133385.0,0.04799640139445965,0.28462720695730404,0.0006972298234434157,0.08493458784720921,0.4227087003786033,0.01298496832477415,0.00137946545713536,0.023068560932638604,0.00011995351801177044,0.0,0.00120703227499344,0.8379128087865952
TUMOR.6021,6021,TUMOR,12621,13927,0.7663573098338565,126.76575363284238,1,0.6168621700879765,166.0903368652132,12621,162.59083909088395,104.4507232105906,565.0609665440987,0.906225317728154,1.0546036988812844,0.6424145652646852,0.4967215645352089,0.30786320717289534,0.0017456161231452828,0.021423470602237562,0.0019043084979766722,0.0,0.0021423470602237563,0.6649210505435214,42270.0,0.14431038561627632,0.4068843151171043,0.0020818547433167733,0.015353678731961203,0.3972084220487343,0.047906316536550746,0.00014194464158978,0.04433404305654128,0.0021764845043766266,0.0,0.004494913650343033,0.9005677785663592,109712.0,0.14752260463759662,0.29264802391716493,0.006052209421029605,0.009060084585095524,0.4464871663993,0.052136502843809246,0.00021875455738661222,0.03964014875309902,0.003281318360799183,0.0,0.0031719410821058774,0.8195001458363715
TUMOR.6029,6029,TUMOR,15348,21857,0.48632407390762467,139.79156102066847,1,0.5142053068882337,214.2008403344861,15348,175.40986962274195,153.2693755822288,800.842712474619,0.7022006679782221,1.1107855644152826,0.8737785160656512,0.3007233832372302,0.29381846635367764,0.0019561815336463224,0.021648408972352633,0.0009780907668231612,0.0,0.00013041210224308815,0.6814684402712572,53453.0,0.20939891119301068,0.23618880137691056,0.007296129309860999,0.007838662002132714,0.42618749181523957,0.07152077526050923,0.0,0.036630310740276506,0.0034609844162161152,0.0,0.0012908536471292538,0.7842403606907002,130200.0,0.22519969278033794,0.216136712749616,0.003947772657450077,0.008310291858678955,0.39618279569892473,0.077073732718894,0.00020737327188940092,0.02968509984639017,0.002327188940092166,0.0,0.000967741935483871,0.7505760368663594
TUMOR.6119,6119,TUMOR,4301,5551,0.9281984005811963,74.00137351364457,1,0.45887122586151713,127.5617497528158,4301,132.35682609185042,49.24807535219592,404.35028842544403,0.7748153485858403,1.1975386257189737,0.37208564761155344,0.3305702697027218,0.19640774434336367,0.060648472125029156,0.04058782365290413,0.0009330534173081409,0.0,0.0,0.7014229064613949,32904.0,0.052941891563335765,0.7558351568198395,0.012430099683929005,0.07394237782640409,0.06275832725504497,0.0076282518842693894,0.008357646486749332,0.06354850474106491,0.0021274009238998297,0.0,0.0026440554339897883,0.9147520058351568,90701.0,0.10841115312951345,0.6136977541592705,0.012888501780575738,0.05843375486488572,0.0949824147473567,0.019900552364362025,0.01667015799164287,0.05631690940562949,0.0017089116988787333,0.0,0.002491703509332863,0.8351506598604205
TUMOR.6142,6142,TUMOR,41119,44758,0.7413499634966786,228.81070088604937,1,0.7568796362766212,284.92981591964013,41119,282.4788569262891,189.5768268506213,943.1858582251267,0.918696099021404,0.9944473434845464,0.6711186419877437,0.5808417794842147,0.3173195065611638,0.0003194574138693665,0.009952327124391803,0.00049147294441441,0.0,0.0023344964859684475,0.6695827394701922,64735.0,0.09152699467058005,0.16612342627635746,0.007940063335135552,0.005128601220359929,0.3198578821348575,0.032316366725882444,7.72379701861435e-05,0.029350428670734532,0.00440256430061018,0.0,0.002332586699621534,0.527797945469993,153942.0,0.09015083602915384,0.13238752257343675,0.004111938262462486,0.003663717503995011,0.2496264827012771,0.032388821764041,0.000103935248340284,0.02052721154720609,0.002384014758805264,0.0,0.0013641501344662276,0.42780397812163024
TUMOR.6236,6236,TUMOR,13295,32360,0.9703730981970808,130.10657073051303,-1,0.2063159528243327,381.55995597022496,13295,442.2723231964406,106.85801842624011,1320.2234841721124,0.4108467243510507,1.2326050449651575,0.24161136209913328,0.09585246771449825,0.23970488594444025,0.04313784536625762,0.042008582398554546,0.0008281261763155914,0.0,0.0006022735827749755,0.673718286531657,72359.0,0.029339819511049074,0.5995245926560622,0.002432316643403032,0.02657582332536381,0.15132879116626818,0.006467751074503517,0.004090714354814191,0.04570267693030584,0.0012714382454152213,0.0,0.0025843364336157215,0.7962243812103539,167489.0,0.07999928353503812,0.4706876272471625,0.0035524721026455467,0.01978637403053335,0.14088089367062911,0.022843291201213214,0.00588098322874935,0.042456519532626025,0.001062756360119172,0.0,0.0021434243442852966,0.6791908722363856
TUMOR.6257,6257,TUMOR,28438,42373,0.9803875957552387,190.28501300201904,-6,0.24225232132208877,488.6235769997187,28438,499.53527724498497,98.44795073228745,1900.2611101190982,0.6711349208222217,1.181753638047999,0.1970790757266299,0.09896516501965533,0.32128457239867014,0.001980618235835043,0.03055810992431209,0.0006012591073070666,0.0,0.00010610454834830586,0.6454693357855273,84951.0,0.0781862485432779,0.46245482690021306,0.005603230097350237,0.010582571129239209,0.19324080940777624,0.029758331273322267,0.0009064048686890089,0.05004061164671399,0.0016715518357641463,0.0,0.0021777259832138525,0.7030876622994432,192158.0,0.06646613724122857,0.41942047689921835,0.004407831055693752,0.016111741379489796,0.1700944014821137,0.022164052498464804,0.0024823322474213927,0.042714849238647365,0.001556011199117393,0.0,0.001961927164104539,0.6355238917973751
TUMOR.6458,6458,TUMOR,16905,19487,0.726138634619285,146.71098971702128,-2,0.6265752409191994,200.7436175822285,18218,189.38789314749928,130.2133265193875,1011.1513703397204,0.8675014111972084,1.1718885653922446,0.6875483134393106,0.2077747122865126,0.25080023710729105,0.0024303497332542976,0.013218731475992887,0.0012448132780082987,0.0,0.0011262596324836988,0.7311796087729697,47973.0,0.03689575386154712,0.6242469722552269,0.00033352093886144287,0.003085068684468347,0.31715756779855336,0.011172951451858338,0.0007504221124382465,0.06295207721009735,0.0020219706918474974,0.0,0.00035436599754028306,0.9227482125362183,119809.0,0.12368853758899581,0.47544007545343003,0.001627590581675834,0.0026041449306813346,0.370339456969009,0.03266031767229507,0.0006176497592000601,0.04155781285212296,0.0020783079735245263,0.0,0.0007178091796108807,0.9100234539976129
TUMOR.6477,6477,TUMOR,5791,7749,0.8987009175493399,85.86809770550019,1,0.4712727864583333,155.2063143045411,5791,150.53814980616895,66.02031771074095,433.76450198781714,0.7473222351271132,1.0781257245749432,0.4385620375682038,0.3867723448808897,0.33030140895309434,0.0016051364365971107,0.02122347066167291,0.0008917424647761727,0.0,0.0,0.6459782414838595,37904.0,0.2149113550021106,0.2796010975094977,0.0035088644997889407,0.008706205149852259,0.16876846770789364,0.0897002954833263,0.0,0.03851836217813424,0.001081680033769523,0.0,0.0013191219924018572,0.5480424229632757,101213.0,0.1612539891120706,0.32902887968936795,0.002163753668007074,0.011283135565589401,0.11793939513698833,0.06303538083052572,0.0010374161421951725,0.0382460751089287,0.000741011530139409,0.0,0.0008101726062857538,0.527432246845761
TUMOR.6556,6556,TUMOR,25211,34445,0.8763064171719693,179.16373004131776,0,0.5247044622044622,277.5409879639402,25211,279.6224842843783,134.70929287026436,1200.8670990922585,0.731920452895921,1.1326644864351816,0.48175415226360674,0.21968987600100975,0.23595687113839195,0.000726890925978274,0.004563259701974721,0.0003230626337681218,0.0,0.0,0.7584299155998869,63651.0,0.09143611255125607,0.32030918603007025,0.007745361424015333,0.0030478704183752024,0.2498311102732086,0.029410378470094735,0.00048703084004964573,0.037202871910889064,0.005325917896026771,0.0,0.0007855336129832996,0.6050179887197373,148794.0,0.13099318520908101,0.26810220842238264,0.0033334677473554042,0.0033334677473554042,0.20995470247456213,0.04121133916690189,0.0004704490772477385,0.028394962162452787,0.0025941906259661007,0.0,0.0005645388926972862,0.5518098848071831
TUMOR.6588,6588,TUMOR,18524,28314,0.9294886031785171,153.57567947651788,1,0.5064523184601925,291.49442533262965,18524,310.42491953895865,114.50048996925923,1417.9209229614207,0.6542346542346542,1.2186798273928365,0.3688508323987479,0.11578188456949863,0.22119541720709035,0.009943795936013834,0.0327496757457847,0.0013510592304366623,0.0,0.0,0.7347600518806745,65304.0,0.11470966556413083,0.49782555433051573,0.010703785373024624,0.0024807056229327455,0.21563763322307974,0.04220262158520152,0.002021315692760015,0.07774408918289845,0.003506676466985177,0.0,0.0031238515251745683,0.7543948303319858,148504.0,0.09697381888703334,0.36914830576954155,0.008282605182351991,0.002949415503959489,0.28959489306685343,0.03761514841351075,0.001723859289985455,0.05325109087970695,0.0022423638420513924,0.0,0.0024174433011905404,0.7073748855249691
TUMOR.6639,6639,TUMOR,14976,24309,0.9556742963835642,138.08705740203823,0,0.3219814241486068,327.96341259353915,14976,311.2314225728784,91.63460683718192,1548.2295808265221,0.616068122917438,1.2998716295304618,0.29442594863866817,0.07851180709311778,0.26187771466755766,0.017707985299031073,0.03301035750083528,0.0013364517206815904,0.0,0.0004009355162044771,0.68566655529569,66406.0,0.11342348582959372,0.36968045056169624,0.0056771978435683525,0.004306839743396681,0.44816733427702315,0.03952956058187513,0.0031322470861066772,0.05761527572809686,0.0015811824232750053,0.0,0.0027407162003433424,0.8895732313345179,152202.0,0.117127238801067,0.30936518574000343,0.007292939645996767,0.004040682776836047,0.4136213715982707,0.0409521556878359,0.002338996859436801,0.046701094597968486,0.0015374305199668862,0.0,0.0020104860645720818,0.7942471189603291
TUMOR.6647,6647,TUMOR,13938,16573,0.46092627861817964,133.21566264714784,0,0.6322235326136261,165.4962235218677,13938,151.90864636133105,134.80957051378198,629.3452377915607,0.8410064562843179,0.9997118031900073,0.8874384292328096,0.4422139347574029,0.23438173201206378,0.0018670113456843314,0.014792474508114318,0.00043084877208099956,0.0,0.0,0.7485279333620566,45579.0,0.13350446477544484,0.31231488185348516,0.0,0.0014480352794049892,0.5169705346760569,0.02784176923583229,0.000526558283419996,0.03203229557471643,0.0004168586410408302,0.0,0.0,0.9164527523640273,115847.0,0.2026897545901059,0.24182758293266118,2.5896225193574282e-05,0.002322028192357161,0.36246946403445923,0.054416601206764094,0.0003280188524519409,0.026034338394606678,0.0003366509275164657,0.0,5.1792450387148564e-05,0.7344514747900248
TUMOR.6651,6651,TUMOR,4693,7505,0.9338366323927835,77.30014995743616,1,0.3772204806687565,151.71684151734772,4693,156.12013654401903,55.84414098081904,576.4751801064718,0.6253164556962025,1.2356239366875366,0.35769979592013385,0.17745947440251358,0.19026265214606022,0.026905829596412557,0.07473841554559044,0.0008541533205210335,0.0,0.0,0.7072389493914157,38189.0,0.05297336929482312,0.4128937652203514,0.0011783497865877608,0.0038230904187069575,0.5024483490010212,0.014794836209379665,0.0025399984288669514,0.04448925083139124,0.000811752075204902,0.0,0.0016496897012228651,0.9357144727539344,100867.0,0.09071351383505012,0.3568461439321086,0.020750096661940973,0.007445447966133622,0.47187881071113447,0.031566320005551866,0.002676792211526069,0.04505933556068883,0.004342351809808956,0.0,0.0020918635430814837,0.8910644710361169
TUMOR.6695,6695,TUMOR,8221,14302,0.5461188387186687,102.30983480226998,-2,0.46019928347514555,169.57889019568444,8221,144.0517499202954,120.6732621149585,1163.1513703397204,0.5748147112291987,1.3485963150121076,0.8377077139411889,0.07635931765154419,0.19527791441219872,0.0073782587309394985,0.04881947860304968,0.0003689129365469749,0.0,0.004918839153959666,0.7432365961633055,46653.0,0.13941225644653077,0.11369043791396052,0.001907701541165627,0.0028508348873598696,0.4550832743874992,0.057724047756843075,0.00411549096521124,0.02074893361627334,0.0007502197071999657,0.0,0.0005358712194285469,0.6520695346494331,114124.0,0.11652237916652063,0.1747047071606323,0.003908029862255091,0.002260698888927833,0.3418912761557604,0.04653709999649504,0.0037327818863692125,0.028249973712803616,0.0011040622480810347,0.0,0.000946339069783744,0.5857926465949318
TUMOR.6901,6901,TUMOR,25140,64072,0.8966867546914761,178.91126894257386,-3,0.27070680966533145,436.22471273415954,25140,448.9748164658316,198.74572200211315,2654.7535341682733,0.3923710825321513,1.2487748952320872,0.4426656344927496,0.0448256630345174,0.1462763839107925,0.01959378733572282,0.02258064516129032,0.0009956192751891676,0.0,0.0050975706889685385,0.8054559936280367,102373.0,0.053158547663934824,0.35196780401082317,0.003497015814716771,0.010705947857345199,0.5167866527307005,0.005997675168257255,0.00047864182938860833,0.03856485596788216,0.0011331112695730319,0.0,0.003926816641106542,0.9037734558916902,213581.0,0.06882634691288082,0.3688155781647244,0.002167795824534954,0.012192095738853175,0.4513088711074487,0.008245115436298172,0.0005103450213268034,0.03810732228053994,0.0010534644935645025,0.0,0.003450681474475726,0.8688226012613481
TUMOR.6945,6945,TUMOR,18332,35961,0.887191246551459,152.77770561860459,1,0.385166509087089,290.6441122747887,18332,312.8355777911834,144.34292276602523,2001.4082963767123,0.5097744779066211,1.2515978497592812,0.4614018769386057,0.05751065596199239,0.04295081967213115,0.001639344262295082,0.030382513661202187,0.0,0.0,0.013169398907103825,0.9118579234972678,74820.0,0.07984496124031008,0.27506014434643145,0.00045442395081529,0.00541299117882919,0.5221999465383588,0.008326650628174285,0.0019246190858059342,0.024445335471798984,0.00016038492381716118,0.0,0.0027666399358460304,0.8625367548783748,161649.0,0.11155652060946866,0.20540182741619187,0.0010145438573699807,0.004701544704885276,0.3966680895025642,0.025573928697362806,0.0015094432999894834,0.019703184059288954,0.0002412634782770076,0.0,0.002121881360231118,0.6831715630780271
TUMOR.7065,7065,TUMOR,35896,56252,0.8285168626687996,213.7854220890971,-2,0.38141788507310437,389.5125158451266,35896,350.20716103902436,196.10344243054413,2769.251008851332,0.6381284221005475,1.2953083515040054,0.55996411338,0.05882084719512879,0.19522867255650622,0.003929656364092417,0.02168278476073688,0.0007803572921601962,0.0,0.003706697137760932,0.7746718318887433,90632.0,0.03891561479389178,0.491967516991791,0.0023611969282372673,0.012258363491923382,0.4311501456439227,0.004766528378497661,0.0007171859828758054,0.04138714802718686,0.0010371612675434726,0.0,0.0031114838026304174,0.9489804925412658,192233.0,0.08849157012583687,0.4438623961546665,0.0054933336107744245,0.01091904095550712,0.4326780521554572,0.015574849271457034,0.0014513637096648338,0.03993070908740955,0.0012536869320043905,0.0,0.0031888385448908354,0.9386005524545734
TUMOR.7445,7445,TUMOR,4287,6642,0.8583141441090862,73.88083600149393,0,0.5103571428571428,127.76932339180638,4287,124.66605073749312,63.969214368824844,597.605122421383,0.6454381210478771,1.2354349572579748,0.5131245755392025,0.15084632172891516,0.05216374269005848,0.08912280701754385,0.05964912280701754,0.010994152046783626,0.0,0.0023391812865497076,0.7857309941520468,35137.0,0.023451062982041724,0.7223155078691977,0.022967242507897657,0.00811110794888579,0.21421862993425733,0.001963741924467086,0.0057773856618379485,0.06124598002106042,0.012465492216182372,0.0,0.0016791416455588127,0.9168682585308934,94262.0,0.05147355243894677,0.6331395472194522,0.017239184400925082,0.012168212004837581,0.26795527359911736,0.0035963590842545247,0.01005707496127814,0.04457787867857673,0.00855063546285884,2.1217457724215484e-05,0.002217224332180518,0.9260359423733848
TUMOR.7511,7511,TUMOR,29346,55905,0.9085589836874985,193.29895933449328,-3,0.3073008293541091,394.66568130507625,29346,429.4785647278936,179.41750308052593,2438.256059485215,0.5249262141132278,1.29006620043809,0.41775659559214595,0.06202976743010255,0.12122038520538606,0.07727970001704448,0.03616839952275439,0.00548832452701551,0.0,0.002283961138571672,0.7575592295892278,88640.0,0.0462206678700361,0.6055392599277978,0.059375,0.01312048736462094,0.2661665162454874,0.006464350180505415,0.0030347472924187728,0.056689981949458484,0.013176895306859206,0.0,0.002199909747292419,0.9184341155234657,192833.0,0.04869498477957611,0.5487598077092614,0.040475437295483654,0.011113243065242983,0.34248287378197717,0.008276591662215492,0.0023802979780431772,0.04159039168607033,0.008520325877832113,0.0,0.0016024228218199166,0.9376299699740189
TUMOR.7608,7608,TUMOR,11196,15820,0.7957744250450609,119.39510016267369,-1,0.5856873822975518,176.08236708995025,12165,172.20090229165942,104.28368701049803,1085.0092347159896,0.7077117572692794,1.3023055747581351,0.6055931509224678,0.11951045083001885,0.05945994277539342,0.13510371959942774,0.03871602288984263,0.01636266094420601,0.0,0.0013412017167381974,0.7490164520743919,46830.0,0.0196668802049968,0.6987828315182575,0.002519752295537049,0.010506085842408712,0.2538116591928251,0.0020499679692504804,0.003800982276318599,0.048772154601751015,0.0025411061285500747,0.0,0.0008755071535340594,0.9419602818705958,116326.0,0.030113646132420954,0.6545226346646493,0.0043498444027990305,0.010057940615167718,0.29079483520451144,0.0035503670718498013,0.004728091742172859,0.04008562144318553,0.0024242215841686295,0.0,0.0005243883568591716,0.948687309801764
TUMOR.7800,7800,TUMOR,20709,26649,0.9635749629378074,162.38078005700208,1,0.4761674829275022,341.0835674728409,20709,344.9541841717461,92.25399057686153,1508.648845022779,0.7771023302938197,1.247091452444553,0.26743838692192823,0.11433854540594249,0.2642923174232472,0.001994842602053228,0.021699995134530237,0.0043789227849948915,0.0,0.009244392546100325,0.6983895295090741,65489.0,0.04625204232771916,0.1989647116309609,0.005100093145413734,0.021133320099558706,0.504558017376964,0.016369161233184198,0.0004275527187771992,0.034906625540167054,0.0024584281329688954,0.0,0.00493212600589412,0.7196170349218953,153950.0,0.022111075024358558,0.12155894771029555,0.0022539785644689835,0.00910685287430984,0.42196817148424814,0.007931146476128614,0.00018187723286781422,0.01811627151672621,0.0011367327054238388,0.0,0.002143553101656382,0.5500617083468659
TUMOR.7843,7843,TUMOR,4779,7069,0.9875112029132934,78.00520357187297,1,0.21966354109211253,206.48002324680226,4779,208.50450626428463,32.84963458402178,601.2031021678298,0.6760503607299476,1.104146895114108,0.1575487991726378,0.16615157744861028,0.12840956777171633,0.045111204364246746,0.04699958036088964,0.005245488879563575,0.0,0.000209819555182543,0.7740243390684012,41809.0,0.15680834270133226,0.5268243679590519,0.14334234255782247,0.009854337582817096,0.1592480088019326,0.032744145997273315,0.01317898060226267,0.0668994714056782,0.02951517615824344,0.0,0.0013155062307158745,0.8563467196058265,108418.0,0.086065044549798,0.5323839214890517,0.06569019904443911,0.007701673153904333,0.3018133520264163,0.019618513530963493,0.005810843217915845,0.044291538305447437,0.014610120090759836,0.0,0.0011621686435831688,0.9145068162113302
TUMOR.7986,7986,TUMOR,5946,6757,0.9605957734519431,87.00966804324263,1,0.7599693251533742,163.88410539158457,5946,171.6104255098176,47.69898117535576,502.1076477383247,0.8799763208524493,1.0252740762465042,0.27794920403962853,0.2963746788084848,0.2580155248059399,0.0033749578130273373,0.021430982112723592,0.005568680391495107,0.0,0.015356058049274384,0.6962537968275396,37330.0,0.06145191534958479,0.35427270291990354,0.015001339405304044,0.018430216983659254,0.3785695151352799,0.02582373426198768,0.0007232788641843022,0.052933297615858556,0.006080900080364318,0.0,0.005062952049290115,0.7388963300294669,100022.0,0.032932754793945335,0.25790326128251784,0.006458579112595229,0.009048009437923657,0.4126392193717382,0.01320709443922337,0.00030993181500069985,0.032542840575073485,0.00284937313790966,0.0,0.002189518305972686,0.6692527643918338
TUMOR.8022,8022,TUMOR,22999,27677,0.7501483721316435,171.12345335857387,0,0.5878639163663318,246.272207120495,22999,218.6468822322859,144.58452575842594,1219.7787873376901,0.8309787910539437,1.2197727939267093,0.6612695515357148,0.19424804848583582,0.1859442993907746,0.05065274151436031,0.015970409051349,0.001392515230635335,0.0,0.0002610966057441253,0.7457789382071366,56296.0,0.0036947562881909906,0.7487210459002416,0.0019361944010231633,0.004263180332528066,0.22033537018615887,0.00014210601108426886,0.0006394770498792099,0.04124626971720904,0.00389015205343186,0.0,0.0008526360665056132,0.95322935910189,135044.0,0.038831788157933714,0.7612407807825597,0.008367643138532626,0.0036506620064571545,0.17004087556648204,0.009656112081988093,0.0019919433666064396,0.03588460057462753,0.004339326441752318,0.0,0.000688664435295163,0.9474393530997305
TUMOR.8088,8088,TUMOR,5840,6792,0.8249349900182165,86.23061487229087,1,0.5925324675324676,130.61393493804556,5840,116.53920529955691,65.87117763092121,426.35028842544403,0.8598351001177856,1.1428814869300208,0.5652276198520778,0.40372866797313206,0.19849030708526333,0.004803568365071196,0.05644192828958655,0.007548464573683308,0.0,0.017841825355978728,0.7148739063304169,33731.0,0.10239838724022413,0.2845750200112656,0.010909845542675876,0.029675965728854763,0.4232012095698319,0.04230529779727847,0.0008300969434644689,0.048975719664403665,0.005336337493700157,0.0,0.00785627464350301,0.7515341970294388,92600.0,0.08424406047516199,0.18033477321814254,0.004881209503239741,0.017235421166306695,0.44087473002159827,0.03060475161987041,0.00044276457883369333,0.027688984881209504,0.0022786177105831532,0.0,0.004416846652267818,0.664622030237581
TUMOR.8147,8147,TUMOR,4507,5644,0.8616114583693768,75.75282587548388,1,0.6503607503607504,115.00434774390054,4507,112.49541918750467,57.09912148997152,491.0782104868019,0.7985471296952515,1.2603214205277398,0.507568413917371,0.23485298957241502,0.23109430604982206,0.002001779359430605,0.060498220640569395,0.0035587188612099642,0.0,0.013122775800711743,0.6897241992882562,32388.0,0.08466098555020378,0.44954921575892304,0.015190811411633939,0.013523527232308262,0.4334938866246758,0.03547610226009633,0.0009571446214647401,0.06131900703964431,0.007039644312708411,0.0,0.0034580708904532543,0.8893417315054959,89683.0,0.0488721385323863,0.31990455270229584,0.0067571334589610075,0.011797107590067238,0.5124494051269471,0.022233868180145624,0.0004683161803240302,0.03849112986853696,0.0034789201966927957,0.0,0.0035569728934134676,0.8375500373537905
TUMOR.8240,8240,TUMOR,11358,13017,0.7914006149431183,120.2557888382176,1,0.6432212028542303,164.07315441594946,11358,158.1299629892749,96.66450707534798,571.303607231218,0.872551279096566,1.0916737870405833,0.6112978542966219,0.4372983069518835,0.19827206206470951,0.0299744335713656,0.02680067001675042,0.0016750418760469012,0.0,0.0009697610861324165,0.7423080313849951,41211.0,0.026400718254834876,0.7511829365945986,0.03617966077018272,0.004028050763145762,0.1689112130256485,0.006430322001407391,0.0014559219625828056,0.05724199849554731,0.010725291791026667,0.0,0.0008492878115066366,0.9232971779379292,107143.0,0.10594252540996613,0.7065230579692561,0.014634647153803795,0.005021326638231149,0.15845178873094837,0.02778529628627162,0.0027999962666716443,0.04073994568007243,0.004769326974230701,0.0,0.0008399988800014933,0.9230654359127521
TUMOR.8386,8386,TUMOR,11622,13084,0.8846036487789504,121.64534511814277,1,0.6624487004103967,183.09560344257315,11622,184.6762364124541,86.12258712176416,537.4041122946064,0.8882604708040355,1.0685799715631359,0.46634363356538633,0.5056951219339458,0.25567152592081427,0.004830501164495816,0.013456396101095489,0.00043129474682998363,0.0,0.0,0.7256102820667645,42383.0,0.05219073685203973,0.4758039780100512,0.0,0.0015100394025906615,0.42078191727815395,0.01592619682419838,0.00030672675365122807,0.04244626383219687,0.001108935186277517,0.0,0.0,0.8977892079371446,109771.0,0.053821136730101755,0.4161299432454838,5.46592451558244e-05,0.0016033378579041824,0.4037040748467264,0.017982891656266226,0.00016397773546747318,0.030946242632389247,0.000865438048300553,0.0,0.0,0.8305836696395222
TUMOR.8439,8439,TUMOR,23871,28223,0.9380015839391672,174.33732007913014,1,0.5865398791095385,307.1025887224007,23871,301.6279425504769,104.5535859418505,1052.4406922210655,0.8457995252099352,1.0629810507535158,0.3466309687947881,0.2708227936234626,0.1627965462318719,0.01731075530220471,0.017604157934445468,0.0007544639114762344,0.0,0.0,0.8015340766200016,60545.0,0.024857543975555372,0.5837806590139566,3.303328103063837e-05,0.012899496242464283,0.35966636386159057,0.001800313816169791,0.0004294326533982988,0.03405731274258816,0.00019819968618383022,0.0,0.0006111156990668098,0.9629036254025931,144830.0,0.0154595042463578,0.5521231788993993,7.595111510046261e-05,0.008982945522336533,0.40858938065317957,0.0009390319685148105,0.0002761858730925913,0.029144514258095697,0.0001657115238555548,0.0,0.0006007042739763861,0.9688738521024649
TUMOR.8504,8504,TUMOR,28500,34001,0.8628248038206797,190.4923279949934,0,0.5508310784692694,285.50656735003486,28500,277.6419796412304,140.3488742043517,1106.0214280248092,0.838210640863504,1.1138361434946158,0.5055030740873941,0.29277072077394595,0.2160188208855648,0.02949541767618245,0.012851574844622354,0.0012992029214508936,0.0,0.0001404543698865831,0.7401945293022929,61830.0,0.057431667475335596,0.6904577066149119,0.008361636745916222,0.0028626880155264434,0.23529031214620735,0.01301956978812874,0.004188905062267508,0.04436357755135048,0.004577066149118551,0.0,0.0004043344654698367,0.9334465469836649,146691.0,0.1491366205152327,0.6580499144460124,0.004117498687717719,0.0033130866924351186,0.17872262101969447,0.03730971906933622,0.006319406098533652,0.03267412452025005,0.002692735068954469,0.0,0.0003476695911814631,0.9206563456517441
TUMOR.8582,8582,TUMOR,18156,21176,0.9721556181292591,152.04255053836613,1,0.36043118337204455,310.26601489689455,18156,321.765174017709,75.4012278347455,829.7960312803931,0.8573857196826596,1.0489900447734049,0.2343361989529533,0.33135027194024935,0.2765675839629405,0.002371367120719131,0.014117906579165057,0.0006617768708983621,0.0,0.0004963326531737716,0.7057850328131032,57965.0,0.040783231260243254,0.4519623910980764,0.000948848443025964,0.0036228758733718625,0.4844992667989304,0.012283274389717934,0.00041404295695678426,0.05106529802467006,0.0028810489088242903,0.0,0.00013801431898559474,0.9332183214008454,140723.0,0.055051413059698844,0.4635560640407041,0.0004903249646468595,0.004590578654519872,0.46182926742607816,0.016393908600584126,0.000298458674132871,0.03994371922144923,0.0015846734364673863,0.0,0.00022739708505361596,0.9415518429823128
TUMOR.8644,8644,TUMOR,24077,30075,0.7884864829378992,175.0879450978522,-1,0.5338580931263858,254.26167623139747,26067,242.80201048959415,149.33588258880945,1378.271211386865,0.8005652535328346,1.2545180746777442,0.6150520841556606,0.1592732591364331,0.21197888524045055,0.03291907394322291,0.014007232220790557,0.0001662579492081965,0.0,0.0001662579492081965,0.7407622926971196,59511.0,0.012149014467913496,0.7043907848969098,0.00010082169682915764,0.0041841004184100415,0.27747811328998,0.0005209121002839811,0.003310312379224009,0.03362403589252407,0.0014451109878845928,0.0,0.0,0.9610996286400834,140340.0,0.010467436226307539,0.8083155194527576,9.263217899387203e-05,0.006812027932164743,0.17045746045318513,0.0002850220892119139,0.00337751175716118,0.025238705999714978,0.000798061849793359,0.0,0.00015676214906655265,0.970143936155052
TUMOR.8645,8645,TUMOR,8804,9689,0.7620719405811098,105.87540295955607,1,0.6882426516572858,147.05441169852742,8804,134.44613091322196,87.0528427142095,450.8772003600252,0.9086593043657756,1.1354349572579752,0.6474923608653165,0.5442185594007385,0.24502331930383348,0.046866113070185414,0.009896485041519736,0.00011375270162666363,0.0,0.0,0.6981003298828348,37085.0,0.00035054604287447754,0.8767426183092895,0.000862882567075637,0.001725765134151274,0.11538357826614534,0.0,0.0,0.01849804503168397,0.0006471619253067278,0.0,0.0001887555615477956,0.9806660374814615,99440.0,0.03089300080450523,0.8238234111021722,0.0005530973451327434,0.002745374094931617,0.13305510860820596,0.008105390185036202,0.0016492357200321801,0.024748592115848754,0.0016291230893000805,0.0,0.00016090104585679806,0.963706757843926
TUMOR.8706,8706,TUMOR,40854,132206,0.9536168998345897,228.07219988549753,-1,0.14601561159718648,722.9723369534964,40854,859.2769574178957,258.66207306120117,3294.7251429372773,0.3090177450342647,1.286053008806526,0.30102293658435086,0.047294002317664154,0.1526893308513765,0.07027040266483786,0.022876457333202704,0.00019594396002743216,0.0,0.0,0.7539678651905555,136242.0,0.05813185361342317,0.600996755772816,4.40392830404721e-05,0.005827865122355808,0.3206133204151436,0.014210008661058997,0.0041323527252976324,0.034673595513865035,0.00015413749064165235,0.0,0.0005431511574991559,0.9462867544516376,290912.0,0.06389561104388956,0.616090089099109,0.00015124848751512485,0.00803679463205368,0.3013763612363876,0.016750769992300078,0.003011219887801122,0.03182749422505775,0.00015124848751512485,0.0,0.0004365581344186558,0.9478227092729072
TUMOR.8873,8873,TUMOR,45341,104661,0.9918300639695872,240.27058537789642,-4,0.36904907251402014,805.0919202178096,47783,983.6331519723514,125.47830030199552,3074.7951647286154,0.43321772197857844,1.1889369211179908,0.12756615619389225,0.06026547437531458,0.20294812101418894,0.04814970099521151,0.021493037932784606,0.0009488712845069179,0.0,0.0009709380585652184,0.7254893307147429,140018.0,0.060370809467354195,0.503178162807639,0.0008927423616963533,0.010591495379165535,0.4103400991301118,0.011734205602136867,0.006206344898513049,0.037823708380351095,0.001028439200674199,0.0,0.000742761644931366,0.9424645402733934,296221.0,0.08994973347601959,0.5123201933691399,0.0004996269677031676,0.008156072661965223,0.3783222661458843,0.0160522042664092,0.010070184085530735,0.0329652522947394,0.0006920508674266848,0.0,0.0006042785622896419,0.9396160299236044
TUMOR.8956,8956,TUMOR,37725,47963,0.5069204168795136,219.16423482204848,1,0.576702591148819,277.8380823429358,37725,255.38616930634265,220.14105452329275,1841.592062560786,0.7865437941746763,1.2397989150372166,0.8619928601506512,0.13978231977700958,0.20636351584250298,0.026116929603605992,0.011692960360599232,0.000556807636219011,0.0,0.000185602545406337,0.7550841840116664,72010.0,0.054700736008887654,0.6624635467296209,0.0007776697680877656,0.005651992778780725,0.27153173170393,0.01345646437994723,0.0027218441883071795,0.03224552145535342,0.00202749618108596,0.0,0.00034717400361060965,0.9492014997916955,162355.0,0.06772196729389302,0.6436266206769117,0.00040651658402882573,0.00908502971882603,0.2728650180160759,0.015583135721104986,0.0029995996427581535,0.022549351729235317,0.0012749838317267716,0.0,0.00040035724184657077,0.9571925718333282
TUMOR.9028,9028,TUMOR,5186,6550,0.9717257415114325,81.25897045247714,1,0.336534717715769,164.62381358722072,5186,178.85453591501272,42.22978048655617,470.3685783886737,0.7917557251908397,1.107236969201965,0.2361124378004186,0.2945545745919804,0.04702012383900929,0.2285216718266254,0.014705882352941176,0.003289473684210526,0.0,0.0,0.7064628482972136,36981.0,0.035639923203807364,0.6582839836672886,0.001730618425678051,0.00713880100592196,0.2875801087044699,0.00773370108974879,0.0050025688867256154,0.04515832454503664,0.00532705984154025,0.0,0.0010816365160487818,0.9356967091209,99276.0,0.0748116362464241,0.630796970063258,0.0012591159998388331,0.010707522462629437,0.27651194649260646,0.014746766590112413,0.011372335710544341,0.03128651436399533,0.002588742495668641,0.0,0.0007756154559007213,0.9392300253837785
TUMOR.9325,9325,TUMOR,19857,31948,0.9438942181620821,159.00540129129615,0,0.47454832234012045,319.03761533712606,19857,316.18269714039263,104.41868585236926,1732.3300858899106,0.6215412545386253,1.3133046755674758,0.33024794461160817,0.08314999049059105,0.007407034163055527,0.002519399375188955,0.029980852564748563,0.0,0.0,0.0006550438375491283,0.9594376700594578,68703.0,0.025952287381919275,0.4937338980830531,2.9110810299404683e-05,0.024467636056649637,0.4398788990291545,0.0017320932128145788,0.003202189132934515,0.018106924006229715,0.0001746648617964281,0.0,0.0005094391802395819,0.9762746896059852,155570.0,0.01927749566111718,0.4734717490518738,1.2855949090441601e-05,0.02136015941376872,0.4174198110175484,0.0008613485890595873,0.0023140708362794885,0.0139679886867648,0.00028925885453493606,0.0,0.00048209809089156004,0.9258725975445137
TUMOR.9724,9724,TUMOR,4370,8190,0.7931244893676749,74.59260560198082,0,0.3685897435897436,118.81077392223317,4370,127.60942498318543,77.7217398903733,888.3097038856279,0.5335775335775336,1.3650667126325031,0.6090595573219953,0.06959250803645015,0.03764921946740129,0.011248852157943067,0.025482093663911846,0.0,0.0,0.018135904499540865,0.907483930211203,37661.0,0.07039112078808317,0.30644433233318286,0.0021773187116645868,0.06173495127585566,0.5456573112769177,0.007063009479302196,0.005921244789039059,0.03008417195507289,0.00010621066886168716,0.0,0.0062398767956241205,0.9505854863121,98179.0,0.07635033968567616,0.28075250308110694,0.0013139266034488026,0.05294411228470447,0.5787693906028785,0.009268784566964422,0.005439045009625276,0.024913678077796677,0.0001833385958300655,0.0,0.004532537508021063,0.9556626162417625
TUMOR.9814,9814,TUMOR,7345,11458,0.8896648070368407,96.70545204940501,0,0.4085094549499444,182.53766734567415,7345,171.59435871000272,78.35242148047894,778.4579361637687,0.641036830162332,1.2023097357100279,0.45661420380897144,0.15231103283418096,0.07744750477229342,0.025361330788110172,0.0029997272975184073,0.0,0.0,0.006408508317425688,0.8877829288246523,43570.0,0.033922423686022496,0.19862290566903834,0.0015377553362405324,0.048611429882946984,0.7088822584347028,0.002455818223548313,0.0018361257746155612,0.007298599954096856,0.00025246729400963964,0.0,0.003580445260500344,0.9845765434932293,110128.0,0.028221705651605405,0.22722650007264275,0.0008444718872584628,0.03569482783669911,0.6962262095016708,0.0018160685747493825,0.002197442975446753,0.011532035449658579,0.0001362051431062037,0.0,0.0026514601191340984,0.981666787737905
TUMOR.10162,10162,TUMOR,4367,7230,0.9333315955926575,74.56699733701537,0,0.29574698631992413,162.077142126828,4367,151.9348922760178,54.5469820433285,748.8010819142764,0.6040110650069156,1.263421765733477,0.35901550477446503,0.09787237552421171,0.04086317722681359,0.005968778696051423,0.011937557392102846,0.0,0.0,0.010101010101010102,0.931129476584022,38551.0,0.07382428471375581,0.3042982023812612,0.00044097429379263834,0.08126896837954917,0.46452750901403334,0.013281108142460637,0.005032294882104225,0.00544732951155612,0.00020751731472594745,0.0,0.004150346294518949,0.9235558091878291,100821.0,0.04263000763729779,0.1606708919768699,0.000307475625117783,0.04737108340524296,0.6063716884379247,0.006843812301008718,0.003540928973130598,0.0033921504448477997,0.0002678013509090368,0.0,0.002390375021076958,0.8539689152061575
TUMOR.10250,10250,TUMOR,6919,12171,0.8492870085516774,93.85917328648591,0,0.4148827726809378,158.39823231336896,6919,159.44715871795586,84.17716384205691,835.4284989122459,0.5684824583025224,1.1918173509489027,0.527931413258714,0.12457606887513616,0.0983630305664204,0.004056207446037955,0.01477618426770969,0.0,0.0,0.00492539475590323,0.8778791829639288,43831.0,0.07731970523145719,0.22340352718395656,0.004585795441582442,0.05895370856243298,0.5991193447559946,0.008213364969998404,0.003239716182610481,0.011133672514886724,0.00047911295658324015,0.0,0.003080011863749401,0.9693139558759782,110476.0,0.06214924508490532,0.22833013505195698,0.002271986675839096,0.04219921068829429,0.5931333502299142,0.007033201781382382,0.0019099170860639415,0.010364242007313805,0.0003258626307976393,0.0,0.0017922444693870161,0.9249520257793548
TUMOR.10431,10431,TUMOR,6330,9142,0.9475584180046202,89.77531018143897,0,0.3309630868974171,180.92263539977523,6330,179.38143644470335,57.32718760362012,926.98484809835,0.6924086633121855,1.2511506099829253,0.31958260977184205,0.09256958207821288,0.04351954423168223,0.009495173286912486,0.011868966608640608,0.003481563538534578,0.0,0.002848551986073746,0.9287862003481564,41473.0,0.09837725749282666,0.32310177705977383,0.004291948978853712,0.05237142237118125,0.4249270609794324,0.015455838738456346,0.005666337135003496,0.011188001832517542,0.00024112072914908494,0.0,0.002579991801895209,0.8965592071950426,106684.0,0.08730456300851111,0.2959487833227101,0.0029338982415357505,0.04982002924524765,0.4225563345956282,0.016872258258033068,0.004189944134078212,0.011304413032882156,0.00021558996663042257,0.0,0.002521465261894942,0.8434910577031233
TUMOR.10451,10451,TUMOR,9838,15956,0.7655553181583223,111.92019764593222,0,0.3612396269369171,183.84776310850236,9838,165.24376097711192,106.31289107728206,1204.3229432149742,0.6165705690649286,1.2966555546561918,0.6433700761144475,0.08523751151824001,0.10465234653364552,0.03155858698971801,0.007940547694187111,0.0011198208286674132,0.0,0.00661712307848926,0.8481115748752927,48278.0,0.07266249637516053,0.17214880483864287,0.0028584448402999294,0.08999958573263184,0.6492191060110195,0.012096607150254774,0.002506317577364431,0.005924023364679564,0.0003728406313434691,0.0,0.007021831890302001,0.9720783793860558,118647.0,0.08322165752189267,0.21716520434566403,0.001576103904860637,0.07061282628300758,0.5634192183536035,0.012322266892546799,0.002452653670130724,0.00557114802734161,0.0003877047038694615,0.0,0.004821023708985478,0.9233018955388674
TUMOR.10611,10611,TUMOR,7623,13968,0.9098198649736563,98.51855180379047,1,0.38375956504228753,192.84449693989197,7623,192.9488456830648,80.07442495924204,1145.6772362537752,0.5457474226804123,1.3180245239215238,0.4150033895034087,0.072981236235867,0.07160688477204047,0.0,0.005781106293522533,0.00026277755879647877,0.0,0.0013138877939823938,0.9210353435816582,47770.0,0.07423068871676784,0.3027841741678878,0.002658572325727444,0.10330751517688926,0.41544902658572325,0.010969227548670715,0.002658572325727444,0.013690600795478333,0.00037680552648105506,0.0,0.00634289302909776,0.870378898890517,116962.0,0.0733229595937142,0.22532104444178452,0.0016073596552726526,0.0733828080915169,0.3716164224277971,0.013602708572014843,0.0037875549323711974,0.008960175099605,0.0002564935620115935,0.0,0.00471948154101332,0.7239616285631231
TILS.2163,2163,TILS,11313,14890,0.5686651787114602,120.01732778890262,0,0.5323764705882353,171.97674261364529,11313,149.53457863868547,123.00252288313744,789.144227664784,0.7597716588314305,1.1805269691361526,0.8225690940711687,0.22828368945013947,0.0060198300283286115,0.000708215297450425,0.06550991501416431,0.17696529745042494,0.0,0.006905099150141643,0.7438916430594901,45584.0,0.041922604422604426,0.38566163566163564,0.0014917514917514917,0.008862758862758863,0.4580773955773956,0.012350824850824851,0.0001755001755001755,0.040496665496665495,0.0012504387504387504,0.0,0.0009652509652509653,0.8484555984555985,114374.0,0.06497980310210362,0.3160421074719779,0.0011803381887491912,0.0210799657264763,0.38342630318079285,0.02158707398534632,0.00016612167100914544,0.03097732002028433,0.0010579327469529788,0.0,0.00180110864357284,0.7390141115987899
TILS.2224,2224,TILS,8504,12219,0.8933209168493412,104.05589405904801,0,0.34662101573326815,185.74444810007108,8504,175.2743843123762,78.77169740548732,800.6000717874998,0.6959652999427122,1.1764907820541217,0.4494193359430058,0.16672543765430872,0.008483563096500531,0.0025921998350418285,0.10015317544479793,0.09815011193590197,0.0007069635913750442,0.024036762106751503,0.7658772239896312,45186.0,0.1048554862125437,0.35522064356216526,0.005333510379321028,0.015270216438719958,0.512216173150976,0.04067631567299606,0.0002655689815429558,0.04908600008852299,0.002412251582348515,0.0,0.0042048422077634665,0.9026247067675829,114417.0,0.08676158263195155,0.3329225552146971,0.0033823645087705497,0.013590637754879082,0.4175690675336707,0.03511715916341103,0.0003058985989844167,0.042345106059414245,0.0016518524345158498,0.0,0.0037756627074648,0.7809416432872738
TILS.2272,2272,TILS,28949,42940,0.9109002068398865,191.98700888481548,-1,0.46248102883616904,365.1205280451922,28949,328.09174055003325,135.37942000308823,1773.7442994522837,0.6741732650209595,1.2341207593159067,0.41262672378198184,0.11562757163841374,0.009364990948335886,0.05688622754491018,0.05343963236318062,0.11620944158195237,0.0,0.002889569697813675,0.7612101378638073,75508.0,0.1013137680775547,0.20772633363352228,0.014554749165651321,0.012793346400381416,0.46126238279387616,0.019110557821687767,0.010104889548127351,0.029943847009588388,0.002304391587646342,0.0,0.002781162260952482,0.7645282619060232,170292.0,0.12115072933549433,0.17839358278721254,0.009953491649637094,0.009219458342141733,0.4214877974302962,0.01927865078805816,0.00825640664270782,0.021997510159020975,0.0013741103516313156,0.0,0.002337162051065229,0.7130634439668334
TILS.2501,2501,TILS,11076,13418,0.6765440093704562,118.75353130533283,1,0.592679794520548,161.9876538505327,11076,143.54182715672238,105.70451762406688,739.3452377915605,0.8254583395438962,1.2614572965085589,0.7364022021863786,0.25462336384785494,0.007412094368616107,0.0,0.06779354605441562,0.18647744734701258,0.0,0.0038868299737864955,0.7344300822561692,42369.0,0.027048077603908517,0.6740305411975737,0.0032807005121669145,0.014515329604191744,0.2068021430763058,0.0066086053482498994,0.0009676886402794495,0.0560079303264179,0.0015813448511883689,0.0,0.004437206448110647,0.9303972243857538,108711.0,0.03617849159698651,0.6745867483511329,0.00432338953739732,0.03440314227631058,0.16991840752085804,0.00965863620056848,0.0008646779074794639,0.057519478249671144,0.0010026584246304422,0.0,0.004314190836253921,0.9266311596802531
TILS.2802,2802,TILS,8544,12531,0.8665884888191674,104.30032919515273,0,0.4273068267066767,166.20770138594662,8544,162.18609894914354,80.93466459148307,857.1858582251267,0.6818290639214747,1.187938992916889,0.49902343737154464,0.14612385083478033,0.011600656198734474,0.007733770799156316,0.07569721115537849,0.12057651745957347,0.0,0.0017576751816264355,0.7826341692055309,43239.0,0.15603968639422744,0.6259395453178843,0.031730613566456206,0.008649598741876546,0.17410208376696965,0.03302574065080136,0.011563634681653136,0.05700871898054997,0.006198108189366082,0.0,0.0007863271583524133,0.8914174703392771,109684.0,0.09035046132526166,0.5920918274315305,0.01888151416797345,0.007083986725502352,0.2845993946245578,0.018671820867218556,0.0073757339265526425,0.03734364173443711,0.004421793515918457,0.0,0.0007567193027241895,0.9314302906531491
